game_id,week,start_date,home_team,away_team,neutral,spread_home_minus_away,total_points,home_points,away_points,home_win_prob,home_moneyline,away_moneyline,model_spread,model_total,model_home_points,model_away_points,model_home_win_prob,model_home_moneyline,model_away_moneyline,market_spread,market_total,market_primary_provider,market_provider_lines,market_providers,market_provider_count,prob_sigma,spread_vs_market,total_vs_market,weather_condition,weather_temp,weather_wind,weather_total_adj,spread_edge,spread_edge_abs,spread_edge_direction,total_edge,total_edge_abs,win_prob_edge,win_prob_edge_abs,provider_count
401756946,11,2025-11-08T01:00:00.000Z,UCF,Houston,False,2.7775127027765967,48.40789690926373,25.592704806020162,22.815192103243565,0.5700402743822811,-132.57992328544492,132.57992328544492,3.6291878379609948,49.01316151543954,26.321174676700267,22.691986838739275,0.5911833934280908,-144.60845864002445,144.60845864002445,1.5,47.5,DraftKings,"{""Bovada"": {""away_moneyline"": -110.0, ""home_moneyline"": -110.0, ""last_updated"": null, ""spread_away"": 1.0, ""spread_home"": -1.0, ""total"": 47.5}, ""DraftKings"": {""away_moneyline"": -102.0, ""home_moneyline"": -118.0, ""last_updated"": null, ""spread_away"": 1.5, ""spread_home"": -1.5, ""total"": 47.5}, ""ESPN Bet"": {""away_moneyline"": -105.0, ""home_moneyline"": -115.0, ""last_updated"": null, ""spread_away"": 1.5, ""spread_home"": -1.5, ""total"": 47.5}, ""FanDuel"": {""away_moneyline"": 162, ""home_moneyline"": -210, ""last_updated"": ""2025-11-08T01:55:04Z"", ""source"": ""TheOddsAPI"", ""spread_away"": 3.5, ""spread_home"": -3.5, ""spread_price_away"": -106, ""spread_price_home"": -125, ""total"": 39.5, ""total_price_over"": -108, ""total_price_under"": -122}}","Bovada, DraftKings, ESPN Bet, FanDuel",4,15.738693467336683,1.2775127027765967,0.9078969092637266,fair,72.3,3.4,-0.8117,1.2775127027765967,1.2775127027765967,home,0.9078969092637266,0.9078969092637266,,,4
401762501,11,2025-11-08T02:00:00.000Z,Memphis,Tulane,False,6.2097686511245875,53.4249291883455,29.817348919735046,23.607580268610455,0.653414064497091,-188.52873055825629,188.52873055825629,8.349614418540979,53.374881980575836,30.862248199558408,22.512633781017428,0.7021225761220213,-235.70855655366353,235.70855655366353,3.0,53.5,DraftKings,"{""BetOnline"": {""away_moneyline"": 140, ""home_moneyline"": -160, ""last_updated"": ""2025-11-08T01:55:14Z"", ""source"": ""TheOddsAPI"", ""spread_away"": 3.0, ""spread_home"": -3.0, ""spread_price_away"": -105, ""spread_price_home"": -115, ""total"": 53.5, ""total_price_over"": -112, ""total_price_under"": -108}, ""Bovada"": {""away_moneyline"": 190.0, ""home_moneyline"": -230.0, ""last_updated"": null, ""spread_away"": 3.0, ""spread_home"": -3.0, ""total"": 54.0}, ""DraftKings"": {""away_moneyline"": 130.0, ""home_moneyline"": -155.0, ""last_updated"": null, ""spread_away"": 3.0, ""spread_home"": -3.0, ""total"": 53.5}, ""ESPN Bet"": {""away_moneyline"": 130.0, ""home_moneyline"": -150.0, ""last_updated"": null, ""spread_away"": 3.5, ""spread_home"": -3.5, ""total"": 54.5}, ""FanDuel"": {""away_moneyline"": 128, ""home_moneyline"": -152, ""last_updated"": ""2025-11-08T01:55:04Z"", ""source"": ""TheOddsAPI"", ""spread_away"": 3.5, ""spread_home"": -3.5, ""spread_price_away"": -122, ""spread_price_home"": 100, ""total"": 53.5, ""total_price_over"": -115, ""total_price_under"": -105}, ""Pinnacle"": {""away_moneyline"": 132, ""home_moneyline"": -150, ""last_updated"": ""2025-11-08T01:55:12Z"", ""source"": ""TheOddsAPI"", ""spread_away"": 3.0, ""spread_home"": -3.0, ""spread_price_away"": -102, ""spread_price_home"": -110, ""total"": 53.5, ""total_price_over"": -112, ""total_price_under"": -104}}","BetOnline, Bovada, DraftKings, ESPN Bet, FanDuel, Pinnacle",6,15.738693467336683,3.2097686511245875,-0.07507081165449847,fair,61.0,5.8,-1.764,3.2097686511245875,3.2097686511245875,home,-0.07507081165449847,0.07507081165449847,,,6
401752896,11,2025-11-08T02:00:00.000Z,USC,Northwestern,False,17.153848494731392,51.25615755840104,34.20500302656622,17.051154531834825,0.8621248513987543,-625.2938692324752,625.2938692324752,18.923080824552322,49.093595930668414,34.00833837761037,15.085257553058042,0.8853818742027112,-772.4623553595518,772.4623553595518,14.5,54.5,DraftKings,"{""BetOnline"": {""away_moneyline"": 458, ""home_moneyline"": -620, ""last_updated"": ""2025-11-08T01:55:14Z"", ""source"": ""TheOddsAPI"", ""spread_away"": 14.0, ""spread_home"": -14.0, ""spread_price_away"": -104, ""spread_price_home"": -116, ""total"": 54.0, ""total_price_over"": -115, ""total_price_under"": -105}, ""Bovada"": {""away_moneyline"": 450.0, ""home_moneyline"": -650.0, ""last_updated"": null, ""spread_away"": 14.5, ""spread_home"": -14.5, ""total"": 54.0}, ""DraftKings"": {""away_moneyline"": 470.0, ""home_moneyline"": -650.0, ""last_updated"": null, ""spread_away"": 14.5, ""spread_home"": -14.5, ""total"": 54.5}, ""ESPN Bet"": {""away_moneyline"": 500.0, ""home_moneyline"": -800.0, ""last_updated"": null, ""spread_away"": 14.5, ""spread_home"": -14.5, ""total"": 54.5}, ""FanDuel"": {""away_moneyline"": 480, ""home_moneyline"": -650, ""last_updated"": ""2025-11-08T01:55:04Z"", ""source"": ""TheOddsAPI"", ""spread_away"": 13.5, ""spread_home"": -13.5, ""spread_price_away"": 100, ""spread_price_home"": -122, ""total"": 53.5, ""total_price_over"": -115, ""total_price_under"": -105}, ""Pinnacle"": {""away_moneyline"": 461, ""home_moneyline"": -615, ""last_updated"": ""2025-11-08T01:55:12Z"", ""source"": ""TheOddsAPI"", ""spread_away"": 14.5, ""spread_home"": -14.5, ""spread_price_away"": -110, ""spread_price_home"": -102, ""total"": 54.0, ""total_price_over"": -106, ""total_price_under"": -110}}","BetOnline, Bovada, DraftKings, ESPN Bet, FanDuel, Pinnacle",6,15.738693467336683,2.653848494731392,-3.2438424415989573,fair,64.2,6.9,-0.98,2.653848494731392,2.653848494731392,home,-3.2438424415989573,3.2438424415989573,,,6
401762503,11,2025-11-08T17:00:00.000Z,Army,Temple,False,9.073692796834603,46.95080646079599,28.012249628815297,18.93855683198069,0.7178685782242533,-254.44474553949334,254.44474553949334,10.456154661391006,47.91801076799331,29.187082714692156,18.730928053301152,0.7467699603515229,-294.8978570584107,294.8978570584107,7.0,45.5,DraftKings,"{""BetOnline"": {""away_moneyline"": 215, ""home_moneyline"": -260, ""last_updated"": ""2025-11-08T01:55:14Z"", ""source"": ""TheOddsAPI"", ""spread_away"": 7.0, ""spread_home"": -7.0, ""spread_price_away"": -108, ""spread_price_home"": -112, ""total"": 45.5, ""total_price_over"": -110, ""total_price_under"": -110}, ""Bovada"": {""away_moneyline"": 210.0, ""home_moneyline"": -250.0, ""last_updated"": null, ""spread_away"": 7.0, ""spread_home"": -7.0, ""total"": 46.0}, ""DraftKings"": {""away_moneyline"": 230.0, ""home_moneyline"": -285.0, ""last_updated"": null, ""spread_away"": 7.0, ""spread_home"": -7.0, ""total"": 45.5}, ""ESPN Bet"": {""away_moneyline"": 210.0, ""home_moneyline"": -250.0, ""last_updated"": null, ""spread_away"": 6.5, ""spread_home"": -6.5, ""total"": 45.5}, ""FanDuel"": {""away_moneyline"": 210, ""home_moneyline"": -255, ""last_updated"": ""2025-11-08T01:55:04Z"", ""source"": ""TheOddsAPI"", ""spread_away"": 6.5, ""spread_home"": -6.5, ""spread_price_away"": 100, ""spread_price_home"": -122, ""total"": 45.5, ""total_price_over"": -110, ""total_price_under"": -110}, ""Pinnacle"": {""away_moneyline"": 212, ""home_moneyline"": -256, ""last_updated"": ""2025-11-08T01:55:12Z"", ""source"": ""TheOddsAPI"", ""spread_away"": 7.0, ""spread_home"": -7.0, ""spread_price_away"": -109, ""spread_price_home"": -105, ""total"": 46.0, ""total_price_over"": -105, ""total_price_under"": -112}}","BetOnline, Bovada, DraftKings, ESPN Bet, FanDuel, Pinnacle",6,15.738693467336683,2.073692796834603,1.450806460795988,,63.9,10.1,-0.03461999999999988,2.073692796834603,2.073692796834603,home,1.450806460795988,1.450806460795988,,,6
401761647,11,2025-11-08T17:00:00.000Z,Arkansas State,Southern Miss,False,-0.7274258581639788,54.36579514855789,26.81918464519696,27.546610503360935,0.4815678700648356,107.65504971612114,-107.65504971612114,1.7876235697267022,53.60965858092982,27.69864107532826,25.911017505601556,0.5452152021388196,-119.88421880039235,119.88421880039235,-4.5,55.5,DraftKings,"{""BetOnline"": {""away_moneyline"": -190, ""home_moneyline"": 165, ""last_updated"": ""2025-11-08T01:55:14Z"", ""source"": ""TheOddsAPI"", ""spread_away"": -4.5, ""spread_home"": 4.5, ""spread_price_away"": -112, ""spread_price_home"": -108, ""total"": 55.0, ""total_price_over"": -110, ""total_price_under"": -110}, ""Bovada"": {""away_moneyline"": -230.0, ""home_moneyline"": 190.0, ""last_updated"": null, ""spread_away"": -5.0, ""spread_home"": 5.0, ""total"": 55.0}, ""DraftKings"": {""away_moneyline"": -192.0, ""home_moneyline"": 160.0, ""last_updated"": null, ""spread_away"": -4.5, ""spread_home"": 4.5, ""total"": 55.5}, ""ESPN Bet"": {""away_moneyline"": -185.0, ""home_moneyline"": 155.0, ""last_updated"": null, ""spread_away"": -4.5, ""spread_home"": 4.5, ""total"": 55.5}, ""FanDuel"": {""away_moneyline"": -184, ""home_moneyline"": 154, ""last_updated"": ""2025-11-08T01:55:04Z"", ""source"": ""TheOddsAPI"", ""spread_away"": -4.5, ""spread_home"": 4.5, ""spread_price_away"": -110, ""spread_price_home"": -110, ""total"": 55.5, ""total_price_over"": -105, ""total_price_under"": -115}, ""Pinnacle"": {""away_moneyline"": -191, ""home_moneyline"": 163, ""last_updated"": ""2025-11-08T01:55:12Z"", ""source"": ""TheOddsAPI"", ""spread_away"": -4.5, ""spread_home"": 4.5, ""spread_price_away"": -110, ""spread_price_home"": -104, ""total"": 55.0, ""total_price_over"": -111, ""total_price_under"": -105}}","BetOnline, Bovada, DraftKings, ESPN Bet, FanDuel, Pinnacle",6,15.738693467336683,3.7725741418360212,-1.1342048514421066,,,,,3.7725741418360212,3.7725741418360212,home,-1.1342048514421066,1.1342048514421066,,,6
401761646,11,2025-11-08T17:00:00.000Z,Marshall,James Madison,False,-10.461279819558158,56.782379956812335,23.16055006862709,33.621829888185246,0.2531258658372948,295.0603770547826,-295.0603770547826,-8.435466365930262,58.30396659468723,24.934250114378486,33.369716480308746,0.29598966786081427,237.84963077503045,-237.84963077503045,-13.5,54.5,DraftKings,"{""BetOnline"": {""away_moneyline"": -525, ""home_moneyline"": 400, ""last_updated"": ""2025-11-08T01:55:14Z"", ""source"": ""TheOddsAPI"", ""spread_away"": -13.5, ""spread_home"": 13.5, ""spread_price_away"": -110, ""spread_price_home"": -110, ""total"": 54.0, ""total_price_over"": -110, ""total_price_under"": -110}, ""Bovada"": {""away_moneyline"": -500.0, ""home_moneyline"": 360.0, ""last_updated"": null, ""spread_away"": -13.5, ""spread_home"": 13.5, ""total"": 54.0}, ""DraftKings"": {""away_moneyline"": -550.0, ""home_moneyline"": 410.0, ""last_updated"": null, ""spread_away"": -13.5, ""spread_home"": 13.5, ""total"": 54.5}, ""ESPN Bet"": {""away_moneyline"": -600.0, ""home_moneyline"": 400.0, ""last_updated"": null, ""spread_away"": -13.5, ""spread_home"": 13.5, ""total"": 54.5}, ""FanDuel"": {""away_moneyline"": -520, ""home_moneyline"": 400, ""last_updated"": ""2025-11-08T01:55:04Z"", ""source"": ""TheOddsAPI"", ""spread_away"": -13.5, ""spread_home"": 13.5, ""spread_price_away"": -110, ""spread_price_home"": -110, ""total"": 54.5, ""total_price_over"": -108, ""total_price_under"": -112}, ""Pinnacle"": {""away_moneyline"": -534, ""home_moneyline"": 395, ""last_updated"": ""2025-11-08T01:55:12Z"", ""source"": ""TheOddsAPI"", ""spread_away"": -13.5, ""spread_home"": 13.5, ""spread_price_away"": -107, ""spread_price_home"": -107, ""total"": 53.5, ""total_price_over"": -116, ""total_price_under"": 100}}","BetOnline, Bovada, DraftKings, ESPN Bet, FanDuel, Pinnacle",6,15.738693467336683,3.0387201804418424,2.282379956812335,,,,,3.0387201804418424,3.0387201804418424,home,2.282379956812335,2.282379956812335,,,6
401756947,11,2025-11-08T17:00:00.000Z,West Virginia,Colorado,False,-0.45959803268267274,52.428872310851325,25.984637139084327,26.444235171766998,0.4883518265319869,104.77040233502646,-104.77040233502647,-4.765996721137789,52.381453851418875,23.807728565140543,28.573725286278332,0.38101338566208676,162.45797067268398,-162.45797067268398,6.0,52.5,DraftKings,"{""BetOnline"": {""away_moneyline"": 189, ""home_moneyline"": -225, ""last_updated"": ""2025-11-08T01:55:14Z"", ""source"": ""TheOddsAPI"", ""spread_away"": 6.5, ""spread_home"": -6.5, ""spread_price_away"": -115, ""spread_price_home"": -105, ""total"": 53.5, ""total_price_over"": -110, ""total_price_under"": -110}, ""Bovada"": {""away_moneyline"": 180.0, ""home_moneyline"": -220.0, ""last_updated"": null, ""spread_away"": 6.0, ""spread_home"": -6.0, ""total"": 52.5}, ""DraftKings"": {""away_moneyline"": 185.0, ""home_moneyline"": -225.0, ""last_updated"": null, ""spread_away"": 6.0, ""spread_home"": -6.0, ""total"": 52.5}, ""ESPN Bet"": {""away_moneyline"": 175.0, ""home_moneyline"": -210.0, ""last_updated"": null, ""spread_away"": 6.5, ""spread_home"": -6.5, ""total"": 52.5}, ""FanDuel"": {""away_moneyline"": 180, ""home_moneyline"": -215, ""last_updated"": ""2025-11-08T01:55:04Z"", ""source"": ""TheOddsAPI"", ""spread_away"": 6.5, ""spread_home"": -6.5, ""spread_price_away"": -114, ""spread_price_home"": -106, ""total"": 53.5, ""total_price_over"": -106, ""total_price_under"": -114}, ""Pinnacle"": {""away_moneyline"": 179, ""home_moneyline"": -212, ""last_updated"": ""2025-11-08T01:55:12Z"", ""source"": ""TheOddsAPI"", ""spread_away"": 6.5, ""spread_home"": -6.5, ""spread_price_away"": -115, ""spread_price_home"": 100, ""total"": 52.5, ""total_price_over"": -111, ""total_price_under"": -105}}","BetOnline, Bovada, DraftKings, ESPN Bet, FanDuel, Pinnacle",6,15.738693467336683,-6.459598032682672,-0.07112768914867473,,62.1,10.3,-0.10386000000000024,-6.459598032682672,6.459598032682672,away,-0.07112768914867473,0.07112768914867473,,,6
401756945,11,2025-11-08T17:00:00.000Z,Texas Tech,BYU,False,8.558277970346266,51.30213117599068,29.930204573168474,21.371926602822207,0.7067011853558995,-240.94921290883383,240.94921290883383,6.597129950577108,51.17021862665113,28.883674288614117,22.28654433803701,0.6624527013754947,-196.2547779451854,196.2547779451854,11.5,51.5,DraftKings,"{""BetOnline"": {""away_moneyline"": 316, ""home_moneyline"": -400, ""last_updated"": ""2025-11-08T01:55:14Z"", ""source"": ""TheOddsAPI"", ""spread_away"": 11.0, ""spread_home"": -11.0, ""spread_price_away"": -105, ""spread_price_home"": -115, ""total"": 51.5, ""total_price_over"": -110, ""total_price_under"": -110}, ""Bovada"": {""away_moneyline"": 300.0, ""home_moneyline"": -400.0, ""last_updated"": null, ""spread_away"": 11.0, ""spread_home"": -11.0, ""total"": 51.5}, ""DraftKings"": {""away_moneyline"": 310.0, ""home_moneyline"": -395.0, ""last_updated"": null, ""spread_away"": 11.5, ""spread_home"": -11.5, ""total"": 51.5}, ""ESPN Bet"": {""away_moneyline"": 320.0, ""home_moneyline"": -425.0, ""last_updated"": null, ""spread_away"": 10.5, ""spread_home"": -10.5, ""total"": 51.5}, ""FanDuel"": {""away_moneyline"": 320, ""home_moneyline"": -405, ""last_updated"": ""2025-11-08T01:55:04Z"", ""source"": ""TheOddsAPI"", ""spread_away"": 10.5, ""spread_home"": -10.5, ""spread_price_away"": -110, ""spread_price_home"": -110, ""total"": 51.5, ""total_price_over"": -110, ""total_price_under"": -110}, ""Pinnacle"": {""away_moneyline"": 312, ""home_moneyline"": -400, ""last_updated"": ""2025-11-08T01:55:12Z"", ""source"": ""TheOddsAPI"", ""spread_away"": 10.5, ""spread_home"": -10.5, ""spread_price_away"": 100, ""spread_price_home"": -114, ""total"": 51.5, ""total_price_over"": -106, ""total_price_under"": -111}}","BetOnline, Bovada, DraftKings, ESPN Bet, FanDuel, Pinnacle",6,15.738693467336683,-2.941722029653734,-0.19786882400931916,fair,72.7,15.0,-1.731,-2.941722029653734,2.941722029653734,away,-0.19786882400931916,0.19786882400931916,,,6
401752893,11,2025-11-08T17:00:00.000Z,Penn State,Indiana,False,-11.189255572622404,49.54488370912117,19.177814068249383,30.36706964087179,0.23856092843415577,319.18012583355863,-319.18012583355863,-8.98209262103734,49.574806181868624,20.296356780415643,29.27844940145298,0.2841010730442335,251.98740690581752,-251.98740690581752,-14.5,49.5,DraftKings,"{""BetOnline"": {""away_moneyline"": -650, ""home_moneyline"": 476, ""last_updated"": ""2025-11-08T01:55:14Z"", ""source"": ""TheOddsAPI"", ""spread_away"": -14.5, ""spread_home"": 14.5, ""spread_price_away"": -102, ""spread_price_home"": -118, ""total"": 50.0, ""total_price_over"": -108, ""total_price_under"": -112}, ""Bovada"": {""away_moneyline"": -585.0, ""home_moneyline"": 410.0, ""last_updated"": null, ""spread_away"": -14.0, ""spread_home"": 14.0, ""total"": 50.0}, ""DraftKings"": {""away_moneyline"": -625.0, ""home_moneyline"": 455.0, ""last_updated"": null, ""spread_away"": -14.5, ""spread_home"": 14.5, ""total"": 49.5}, ""ESPN Bet"": {""away_moneyline"": -750.0, ""home_moneyline"": 475.0, ""last_updated"": null, ""spread_away"": -14.5, ""spread_home"": 14.5, ""total"": 50.5}, ""FanDuel"": {""away_moneyline"": -700, ""home_moneyline"": 500, ""last_updated"": ""2025-11-08T01:55:04Z"", ""source"": ""TheOddsAPI"", ""spread_away"": -14.5, ""spread_home"": 14.5, ""spread_price_away"": -105, ""spread_price_home"": -115, ""total"": 50.5, ""total_price_over"": -110, ""total_price_under"": -110}, ""Pinnacle"": {""away_moneyline"": -619, ""home_moneyline"": 444, ""last_updated"": ""2025-11-08T01:55:12Z"", ""source"": ""TheOddsAPI"", ""spread_away"": -14.5, ""spread_home"": 14.5, ""spread_price_away"": 100, ""spread_price_home"": -114, ""total"": 50.0, ""total_price_over"": -107, ""total_price_under"": -109}}","BetOnline, Bovada, DraftKings, ESPN Bet, FanDuel, Pinnacle",6,15.738693467336683,3.310744427377596,0.0448837091211729,cloudy,46.4,12.7,-1.1313,3.310744427377596,3.310744427377596,home,0.0448837091211729,0.0448837091211729,,,6
401752762,11,2025-11-08T17:00:00.000Z,Mississippi State,Georgia,False,-10.55717111914328,54.00225913927241,21.722544010064567,32.279715129207844,0.25118094596307183,298.119370148012,-298.119370148012,-11.2619518652388,52.33709856545401,20.537573350107607,31.799525215346407,0.23713208220899484,321.7059078149773,-321.7059078149773,-9.5,56.5,DraftKings,"{""BetOnline"": {""away_moneyline"": -340, ""home_moneyline"": 274, ""last_updated"": ""2025-11-08T01:55:14Z"", ""source"": ""TheOddsAPI"", ""spread_away"": -9.5, ""spread_home"": 9.5, ""spread_price_away"": -110, ""spread_price_home"": -110, ""total"": 56.0, ""total_price_over"": -110, ""total_price_under"": -110}, ""Bovada"": {""away_moneyline"": -290.0, ""home_moneyline"": 240.0, ""last_updated"": null, ""spread_away"": -9.5, ""spread_home"": 9.5, ""total"": 56.0}, ""DraftKings"": {""away_moneyline"": -375.0, ""home_moneyline"": 295.0, ""last_updated"": null, ""spread_away"": -9.5, ""spread_home"": 9.5, ""total"": 56.5}, ""ESPN Bet"": {""away_moneyline"": -360.0, ""home_moneyline"": 280.0, ""last_updated"": null, ""spread_away"": -9.5, ""spread_home"": 9.5, ""total"": 56.5}, ""FanDuel"": {""away_moneyline"": -355, ""home_moneyline"": 285, ""last_updated"": ""2025-11-08T01:55:04Z"", ""source"": ""TheOddsAPI"", ""spread_away"": -9.5, ""spread_home"": 9.5, ""spread_price_away"": -110, ""spread_price_home"": -110, ""total"": 56.5, ""total_price_over"": -110, ""total_price_under"": -110}, ""Pinnacle"": {""away_moneyline"": -339, ""home_moneyline"": 271, ""last_updated"": ""2025-11-08T01:55:12Z"", ""source"": ""TheOddsAPI"", ""spread_away"": -9.0, ""spread_home"": 9.0, ""spread_price_away"": -114, ""spread_price_home"": -101, ""total"": 56.0, ""total_price_over"": -110, ""total_price_under"": -106}}","BetOnline, Bovada, DraftKings, ESPN Bet, FanDuel, Pinnacle",6,15.738693467336683,-1.0571711191432804,-2.497740860727589,,76.1,11.4,-0.4846800000000001,-1.0571711191432804,1.0571711191432804,away,-2.497740860727589,2.497740860727589,,,6
401754584,11,2025-11-08T17:00:00.000Z,Boston College,SMU,False,-14.881891082852228,53.28316116026052,19.200635038704146,34.08252612155637,0.17218633119930038,480.7661926674835,-480.7661926674835,-17.80315180475371,52.47193526710086,17.334391731173575,35.137543535927286,0.12899158704859043,675.2443573109193,-675.2443573109191,-10.5,54.5,DraftKings,"{""BetOnline"": {""away_moneyline"": -400, ""home_moneyline"": 316, ""last_updated"": ""2025-11-08T01:55:14Z"", ""source"": ""TheOddsAPI"", ""spread_away"": -10.5, ""spread_home"": 10.5, ""spread_price_away"": -110, ""spread_price_home"": -110, ""total"": 54.0, ""total_price_over"": -115, ""total_price_under"": -105}, ""Bovada"": {""away_moneyline"": -470.0, ""home_moneyline"": 345.0, ""last_updated"": null, ""spread_away"": -10.5, ""spread_home"": 10.5, ""total"": 54.5}, ""DraftKings"": {""away_moneyline"": -425.0, ""home_moneyline"": 330.0, ""last_updated"": null, ""spread_away"": -10.5, ""spread_home"": 10.5, ""total"": 54.5}, ""ESPN Bet"": {""away_moneyline"": -380.0, ""home_moneyline"": 290.0, ""last_updated"": null, ""spread_away"": -10.5, ""spread_home"": 10.5, ""total"": 54.5}, ""FanDuel"": {""away_moneyline"": -375, ""home_moneyline"": 300, ""last_updated"": ""2025-11-08T01:55:04Z"", ""source"": ""TheOddsAPI"", ""spread_away"": -10.5, ""spread_home"": 10.5, ""spread_price_away"": -105, ""spread_price_home"": -115, ""total"": 54.5, ""total_price_over"": -105, ""total_price_under"": -115}, ""Pinnacle"": {""away_moneyline"": -419, ""home_moneyline"": 324, ""last_updated"": ""2025-11-08T01:55:12Z"", ""source"": ""TheOddsAPI"", ""spread_away"": -10.5, ""spread_home"": 10.5, ""spread_price_away"": -104, ""spread_price_home"": -110, ""total"": 54.0, ""total_price_over"": -115, ""total_price_under"": -101}}","BetOnline, Bovada, DraftKings, ESPN Bet, FanDuel, Pinnacle",6,15.738693467336683,-4.381891082852228,-1.2168388397394807,cloudy,58.5,13.8,-1.3155600000000003,-4.381891082852228,4.381891082852228,away,-1.2168388397394807,1.2168388397394807,,,6
401762855,11,2025-11-08T18:00:00.000Z,Eastern Michigan,Bowling Green,False,-0.08206212891944253,50.13115351503062,25.02454569305559,25.10660782197503,0.4979199096432521,100.83551202370607,-100.83551202370609,-1.8034368815324042,49.88525585838436,24.040909488425978,25.844346369958384,0.4543865641615801,120.07692983730027,-120.07692983730027,2.5,50.5,DraftKings,"{""BetOnline"": {""away_moneyline"": 125, ""home_moneyline"": -145, ""last_updated"": ""2025-11-08T01:55:14Z"", ""source"": ""TheOddsAPI"", ""spread_away"": 2.5, ""spread_home"": -2.5, ""spread_price_away"": -105, ""spread_price_home"": -115, ""total"": 50.5, ""total_price_over"": -115, ""total_price_under"": -105}, ""Bovada"": {""away_moneyline"": 105.0, ""home_moneyline"": -125.0, ""last_updated"": null, ""spread_away"": 2.5, ""spread_home"": -2.5, ""total"": 50.5}, ""DraftKings"": {""away_moneyline"": 120.0, ""home_moneyline"": -142.0, ""last_updated"": null, ""spread_away"": 2.5, ""spread_home"": -2.5, ""total"": 50.5}, ""ESPN Bet"": {""away_moneyline"": 110.0, ""home_moneyline"": -130.0, ""last_updated"": null, ""spread_away"": 2.5, ""spread_home"": -2.5, ""total"": 50.5}, ""FanDuel"": {""away_moneyline"": 112, ""home_moneyline"": -132, ""last_updated"": ""2025-11-08T01:55:04Z"", ""source"": ""TheOddsAPI"", ""spread_away"": 2.5, ""spread_home"": -2.5, ""spread_price_away"": -108, ""spread_price_home"": -112, ""total"": 50.5, ""total_price_over"": -112, ""total_price_under"": -108}, ""Pinnacle"": {""away_moneyline"": 114, ""home_moneyline"": -131, ""last_updated"": ""2025-11-08T01:55:12Z"", ""source"": ""TheOddsAPI"", ""spread_away"": 2.0, ""spread_home"": -2.0, ""spread_price_away"": -101, ""spread_price_home"": -114, ""total"": 50.5, ""total_price_over"": -107, ""total_price_under"": -109}}","BetOnline, Bovada, DraftKings, ESPN Bet, FanDuel, Pinnacle",6,15.738693467336683,-2.5820621289194428,-0.36884648496938155,,,,,-2.5820621289194428,2.5820621289194428,away,-0.36884648496938155,0.36884648496938155,,,6
401752897,11,2025-11-08T18:00:00.000Z,Purdue,Ohio State,False,-27.815837735600304,46.28691311148526,9.235537687942479,37.05137542354278,0.03858450799643315,2491.7137522977946,-2491.713752297798,-26.69306289266717,44.81152185247544,9.059229479904133,35.752292372571304,0.044941503505252334,2125.114698005441,-2125.114698005443,-29.5,48.5,DraftKings,"{""BetOnline"": {""last_updated"": ""2025-11-08T01:55:14Z"", ""source"": ""TheOddsAPI"", ""spread_away"": -29.5, ""spread_home"": 29.5, ""spread_price_away"": -110, ""spread_price_home"": -110, ""total"": 48.5, ""total_price_over"": -110, ""total_price_under"": -110}, ""Bovada"": {""away_moneyline"": null, ""home_moneyline"": null, ""last_updated"": null, ""spread_away"": -29.0, ""spread_home"": 29.0, ""total"": 48.5}, ""DraftKings"": {""away_moneyline"": -6500.0, ""home_moneyline"": 2000.0, ""last_updated"": null, ""spread_away"": -29.5, ""spread_home"": 29.5, ""total"": 48.5}, ""ESPN Bet"": {""away_moneyline"": -20000.0, ""home_moneyline"": 3000.0, ""last_updated"": null, ""spread_away"": -30.5, ""spread_home"": 30.5, ""total"": 48.5}, ""FanDuel"": {""away_moneyline"": -10000, ""home_moneyline"": 3000, ""last_updated"": ""2025-11-08T01:55:04Z"", ""source"": ""TheOddsAPI"", ""spread_away"": -29.5, ""spread_home"": 29.5, ""spread_price_away"": -115, ""spread_price_home"": -105, ""total"": 48.5, ""total_price_over"": -110, ""total_price_under"": -110}, ""Pinnacle"": {""last_updated"": ""2025-11-08T01:55:12Z"", ""source"": ""TheOddsAPI"", ""spread_away"": -29.0, ""spread_home"": 29.0, ""spread_price_away"": -105, ""spread_price_home"": -109, ""total"": 48.5, ""total_price_over"": -107, ""total_price_under"": -109}}","BetOnline, Bovada, DraftKings, ESPN Bet, FanDuel, Pinnacle",6,15.738693467336683,1.6841622643996956,-2.213086888514738,,65.1,10.9,-0.31158000000000013,1.6841622643996956,1.6841622643996956,home,-2.213086888514738,2.213086888514738,,,6
401757299,11,2025-11-08T18:00:00.000Z,Liberty,Missouri State,False,6.284881838777194,50.32678314647341,28.305832492625303,22.020950653848107,0.6551737827090093,-190.00115126284717,190.00115126284717,5.474803064628657,49.544638577455686,27.509720821042173,22.034917756413513,0.6360259326189448,-174.74484849852516,174.74484849852516,7.5,51.5,DraftKings,"{""BetOnline"": {""away_moneyline"": 245, ""home_moneyline"": -300, ""last_updated"": ""2025-11-08T01:55:14Z"", ""source"": ""TheOddsAPI"", ""spread_away"": 8.0, ""spread_home"": -8.0, ""spread_price_away"": -110, ""spread_price_home"": -110, ""total"": 51.5, ""total_price_over"": -110, ""total_price_under"": -110}, ""Bovada"": {""away_moneyline"": 250.0, ""home_moneyline"": -300.0, ""last_updated"": null, ""spread_away"": 7.5, ""spread_home"": -7.5, ""total"": 51.0}, ""DraftKings"": {""away_moneyline"": 260.0, ""home_moneyline"": -325.0, ""last_updated"": null, ""spread_away"": 7.5, ""spread_home"": -7.5, ""total"": 51.5}, ""ESPN Bet"": {""away_moneyline"": 240.0, ""home_moneyline"": -290.0, ""last_updated"": null, ""spread_away"": 7.5, ""spread_home"": -7.5, ""total"": 51.5}, ""FanDuel"": {""away_moneyline"": 245, ""home_moneyline"": -300, ""last_updated"": ""2025-11-08T01:55:04Z"", ""source"": ""TheOddsAPI"", ""spread_away"": 7.5, ""spread_home"": -7.5, ""spread_price_away"": -110, ""spread_price_home"": -110, ""total"": 51.5, ""total_price_over"": -110, ""total_price_under"": -110}, ""Pinnacle"": {""away_moneyline"": 246, ""home_moneyline"": -303, ""last_updated"": ""2025-11-08T01:55:12Z"", ""source"": ""TheOddsAPI"", ""spread_away"": 8.0, ""spread_home"": -8.0, ""spread_price_away"": -110, ""spread_price_home"": -104, ""total"": 50.5, ""total_price_over"": -114, ""total_price_under"": -103}}","BetOnline, Bovada, DraftKings, ESPN Bet, FanDuel, Pinnacle",6,15.738693467336683,-1.2151181612228061,-1.1732168535265899,,66.6,10.5,-0.1731,-1.2151181612228061,1.2151181612228061,away,-1.1732168535265899,1.1732168535265899,,,6
401762502,11,2025-11-08T19:00:00.000Z,Rice,UAB,False,-1.985180534603868,53.019867556504884,25.517343510950507,27.502524045554377,0.4498130233847783,122.31459473430623,-122.31459473430621,-4.30863422433978,53.36644592750814,24.528905851584177,28.83754007592396,0.39213430054457177,155.01467191502047,-155.01467191502047,1.5,52.5,DraftKings,"{""BetOnline"": {""away_moneyline"": 102, ""home_moneyline"": -122, ""last_updated"": ""2025-11-08T01:55:14Z"", ""source"": ""TheOddsAPI"", ""spread_away"": 1.5, ""spread_home"": -1.5, ""spread_price_away"": -110, ""spread_price_home"": -110, ""total"": 52.5, ""total_price_over"": -110, ""total_price_under"": -110}, ""Bovada"": {""away_moneyline"": 130.0, ""home_moneyline"": -150.0, ""last_updated"": null, ""spread_away"": 1.5, ""spread_home"": -1.5, ""total"": 52.0}, ""DraftKings"": {""away_moneyline"": 100.0, ""home_moneyline"": -120.0, ""last_updated"": null, ""spread_away"": 1.5, ""spread_home"": -1.5, ""total"": 52.5}, ""ESPN Bet"": {""away_moneyline"": 110.0, ""home_moneyline"": -120.0, ""last_updated"": null, ""spread_away"": 1.5, ""spread_home"": -1.5, ""total"": 52.5}, ""FanDuel"": {""away_moneyline"": 102, ""home_moneyline"": -120, ""last_updated"": ""2025-11-08T01:55:04Z"", ""source"": ""TheOddsAPI"", ""spread_away"": 1.5, ""spread_home"": -1.5, ""spread_price_away"": -110, ""spread_price_home"": -110, ""total"": 52.5, ""total_price_over"": -112, ""total_price_under"": -108}, ""Pinnacle"": {""away_moneyline"": 103, ""home_moneyline"": -118, ""last_updated"": ""2025-11-08T01:55:12Z"", ""source"": ""TheOddsAPI"", ""spread_away"": 2.5, ""spread_home"": -2.5, ""spread_price_away"": -118, ""spread_price_home"": 103, ""total"": 52.5, ""total_price_over"": -102, ""total_price_under"": -114}}","BetOnline, Bovada, DraftKings, ESPN Bet, FanDuel, Pinnacle",6,15.738693467336683,-3.485180534603868,0.5198675565048845,,84.2,7.1,-0.15511999999999984,-3.485180534603868,3.485180534603868,away,0.5198675565048845,0.5198675565048845,,,6
401752894,11,2025-11-08T19:30:00.000Z,Rutgers,Maryland,False,1.9804153804791382,56.10868419446422,29.044549787471677,27.06413440699254,0.5500671448728228,-122.25538513237534,122.25538513237534,1.6340256341318973,55.181140324107034,28.407582979119464,26.77355734498757,0.5413447719891524,-118.0286932162363,118.0286932162363,2.5,57.5,DraftKings,"{""BetOnline"": {""away_moneyline"": 120, ""home_moneyline"": -140, ""last_updated"": ""2025-11-08T01:55:14Z"", ""source"": ""TheOddsAPI"", ""spread_away"": 2.5, ""spread_home"": -2.5, ""spread_price_away"": -110, ""spread_price_home"": -110, ""total"": 57.0, ""total_price_over"": -110, ""total_price_under"": -110}, ""Bovada"": {""away_moneyline"": -125.0, ""home_moneyline"": 105.0, ""last_updated"": null, ""spread_away"": 2.5, ""spread_home"": -2.5, ""total"": 57.0}, ""DraftKings"": {""away_moneyline"": 114.0, ""home_moneyline"": -135.0, ""last_updated"": null, ""spread_away"": 2.5, ""spread_home"": -2.5, ""total"": 57.5}, ""ESPN Bet"": {""away_moneyline"": 110.0, ""home_moneyline"": -130.0, ""last_updated"": null, ""spread_away"": 2.5, ""spread_home"": -2.5, ""total"": 56.5}, ""Pinnacle"": {""away_moneyline"": 114, ""home_moneyline"": -130, ""last_updated"": ""2025-11-08T01:55:12Z"", ""source"": ""TheOddsAPI"", ""spread_away"": 2.0, ""spread_home"": -2.0, ""spread_price_away"": -101, ""spread_price_home"": -114, ""total"": 57.5, ""total_price_over"": -104, ""total_price_under"": -112}}","BetOnline, Bovada, DraftKings, ESPN Bet, Pinnacle",5,15.738693467336683,-0.5195846195208618,-1.3913158055357826,,,,,-0.5195846195208618,0.5195846195208618,away,-1.3913158055357826,1.3913158055357826,,,5
401762505,11,2025-11-08T20:00:00.000Z,Florida Atlantic,Tulsa,False,5.8731112259904625,57.67252836102936,31.77281979350991,25.899708567519447,0.645486744950514,-182.0769000189884,182.0769000189884,7.45518537665077,54.45421393504893,30.954699655849847,23.49951427919908,0.6821377777834411,-214.60171423539032,214.60171423539032,3.5,62.5,DraftKings,"{""BetOnline"": {""away_moneyline"": 149, ""home_moneyline"": -170, ""last_updated"": ""2025-11-08T01:55:14Z"", ""source"": ""TheOddsAPI"", ""spread_away"": 3.5, ""spread_home"": -3.5, ""spread_price_away"": -113, ""spread_price_home"": -107, ""total"": 62.5, ""total_price_over"": -110, ""total_price_under"": -110}, ""Bovada"": {""away_moneyline"": 170.0, ""home_moneyline"": -200.0, ""last_updated"": null, ""spread_away"": 3.0, ""spread_home"": -3.0, ""total"": 62.5}, ""DraftKings"": {""away_moneyline"": 140.0, ""home_moneyline"": -166.0, ""last_updated"": null, ""spread_away"": 3.5, ""spread_home"": -3.5, ""total"": 62.5}, ""ESPN Bet"": {""away_moneyline"": 130.0, ""home_moneyline"": -150.0, ""last_updated"": null, ""spread_away"": 3.5, ""spread_home"": -3.5, ""total"": 62.5}, ""FanDuel"": {""away_moneyline"": 128, ""home_moneyline"": -152, ""last_updated"": ""2025-11-08T01:55:04Z"", ""source"": ""TheOddsAPI"", ""spread_away"": 3.5, ""spread_home"": -3.5, ""spread_price_away"": -118, ""spread_price_home"": -104, ""total"": 62.5, ""total_price_over"": -114, ""total_price_under"": -106}, ""Pinnacle"": {""away_moneyline"": 138, ""home_moneyline"": -160, ""last_updated"": ""2025-11-08T01:55:12Z"", ""source"": ""TheOddsAPI"", ""spread_away"": 3.0, ""spread_home"": -3.0, ""spread_price_away"": 100, ""spread_price_home"": -114, ""total"": 62.5, ""total_price_over"": -108, ""total_price_under"": -108}}","BetOnline, Bovada, DraftKings, ESPN Bet, FanDuel, Pinnacle",6,15.738693467336683,2.3731112259904625,-4.827471638970643,,80.2,5.2,-0.2936199999999998,2.3731112259904625,2.3731112259904625,home,-4.827471638970643,4.827471638970643,,,6
401757297,11,2025-11-08T20:00:00.000Z,UTEP,Jacksonville State,False,-2.4750503091093083,50.72074640278274,24.122848046836715,26.597898355946022,0.4375203879071563,128.56077742649202,-128.56077742649202,-3.125083848515514,52.20124400463789,24.53808007806119,27.663163926576704,0.4213032524027156,137.3587182859247,-137.3587182859247,-1.5,48.5,DraftKings,"{""BetOnline"": {""last_updated"": ""2025-11-08T01:55:14Z"", ""source"": ""TheOddsAPI"", ""spread_away"": -0.0, ""spread_home"": 0.0, ""spread_price_away"": -110, ""spread_price_home"": -110, ""total"": 49.0, ""total_price_over"": -110, ""total_price_under"": -110}, ""Bovada"": {""away_moneyline"": -120.0, ""home_moneyline"": 100.0, ""last_updated"": null, ""spread_away"": -1.5, ""spread_home"": 1.5, ""total"": 49.0}, ""DraftKings"": {""away_moneyline"": -115.0, ""home_moneyline"": -105.0, ""last_updated"": null, ""spread_away"": -1.5, ""spread_home"": 1.5, ""total"": 48.5}, ""ESPN Bet"": {""away_moneyline"": -120.0, ""home_moneyline"": 105.0, ""last_updated"": null, ""spread_away"": -1.5, ""spread_home"": 1.5, ""total"": 49.5}, ""FanDuel"": {""away_moneyline"": -104, ""home_moneyline"": -112, ""last_updated"": ""2025-11-08T01:55:04Z"", ""source"": ""TheOddsAPI"", ""spread_away"": 1.5, ""spread_home"": -1.5, ""spread_price_away"": -118, ""spread_price_home"": -104, ""total"": 49.5, ""total_price_over"": -105, ""total_price_under"": -115}, ""Pinnacle"": {""away_moneyline"": -114, ""home_moneyline"": 100, ""last_updated"": ""2025-11-08T01:55:12Z"", ""source"": ""TheOddsAPI"", ""spread_away"": -1.0, ""spread_home"": 1.0, ""spread_price_away"": -110, ""spread_price_home"": -105, ""total"": 49.0, ""total_price_over"": -108, ""total_price_under"": -108}}","BetOnline, Bovada, DraftKings, ESPN Bet, FanDuel, Pinnacle",6,15.738693467336683,-0.9750503091093083,2.220746402782737,clear,78.8,10.4,-0.13848000000000013,-0.9750503091093083,0.9750503091093083,away,2.220746402782737,2.220746402782737,,,6
401757296,11,2025-11-08T20:00:00.000Z,Middle Tennessee,Florida International,False,0.9398257807801906,49.177149750798776,25.058487765789483,24.118661985009293,0.5238084270002908,-109.99951630824235,109.99951630824235,0.5663763013003175,47.62858291799797,24.09747960964914,23.531103308348825,0.5143533321207303,-105.91101847086018,105.91101847086018,1.5,51.5,DraftKings,"{""BetOnline"": {""last_updated"": ""2025-11-08T01:55:14Z"", ""source"": ""TheOddsAPI"", ""spread_away"": -0.0, ""spread_home"": 0.0, ""spread_price_away"": -105, ""spread_price_home"": -115, ""total"": 51.5, ""total_price_over"": -103, ""total_price_under"": -117}, ""Bovada"": {""away_moneyline"": -115.0, ""home_moneyline"": -105.0, ""last_updated"": null, ""spread_away"": 1.0, ""spread_home"": -1.0, ""total"": 51.5}, ""DraftKings"": {""away_moneyline"": -108.0, ""home_moneyline"": -112.0, ""last_updated"": null, ""spread_away"": 1.5, ""spread_home"": -1.5, ""total"": 51.5}, ""ESPN Bet"": {""away_moneyline"": -105.0, ""home_moneyline"": -115.0, ""last_updated"": null, ""spread_away"": 1.5, ""spread_home"": -1.5, ""total"": 51.5}, ""FanDuel"": {""away_moneyline"": -104, ""home_moneyline"": -112, ""last_updated"": ""2025-11-08T01:55:04Z"", ""source"": ""TheOddsAPI"", ""spread_away"": 1.5, ""spread_home"": -1.5, ""spread_price_away"": -115, ""spread_price_home"": -105, ""total"": 51.5, ""total_price_over"": -105, ""total_price_under"": -115}, ""Pinnacle"": {""away_moneyline"": -107, ""home_moneyline"": -107, ""last_updated"": ""2025-11-08T01:55:12Z"", ""source"": ""TheOddsAPI"", ""spread_away"": -1.0, ""spread_home"": 1.0, ""spread_price_away"": -103, ""spread_price_home"": -112, ""total"": 51.5, ""total_price_over"": -107, ""total_price_under"": -109}}","BetOnline, Bovada, DraftKings, ESPN Bet, FanDuel, Pinnacle",6,15.738693467336683,-0.5601742192198094,-2.322850249201224,,72.9,11.9,-0.6577800000000001,-0.5601742192198094,0.5601742192198094,away,-2.322850249201224,2.322850249201224,,,6
401757295,11,2025-11-08T20:00:00.000Z,Delaware,Louisiana Tech,False,-7.92322881299331,54.956663151188465,23.51671716909758,31.439945982090887,0.30733326163677216,225.37968545099088,-225.37968545099093,-9.20538135498885,53.92777191864744,22.361195281829293,31.566576636818144,0.2793113342749667,258.0234230722463,-258.0234230722463,-6.0,56.5,DraftKings,"{""BetOnline"": {""away_moneyline"": -230, ""home_moneyline"": 192, ""last_updated"": ""2025-11-08T01:55:14Z"", ""source"": ""TheOddsAPI"", ""spread_away"": -6.0, ""spread_home"": 6.0, ""spread_price_away"": -110, ""spread_price_home"": -110, ""total"": 57.0, ""total_price_over"": -110, ""total_price_under"": -110}, ""Bovada"": {""away_moneyline"": -225.0, ""home_moneyline"": 185.0, ""last_updated"": null, ""spread_away"": -6.0, ""spread_home"": 6.0, ""total"": 56.5}, ""DraftKings"": {""away_moneyline"": -230.0, ""home_moneyline"": 190.0, ""last_updated"": null, ""spread_away"": -6.0, ""spread_home"": 6.0, ""total"": 56.5}, ""ESPN Bet"": {""away_moneyline"": -210.0, ""home_moneyline"": 175.0, ""last_updated"": null, ""spread_away"": -5.5, ""spread_home"": 5.5, ""total"": 56.5}, ""FanDuel"": {""away_moneyline"": -205, ""home_moneyline"": 172, ""last_updated"": ""2025-11-08T01:55:04Z"", ""source"": ""TheOddsAPI"", ""spread_away"": -5.5, ""spread_home"": 5.5, ""spread_price_away"": -112, ""spread_price_home"": -108, ""total"": 56.5, ""total_price_over"": -110, ""total_price_under"": -110}, ""Pinnacle"": {""away_moneyline"": -232, ""home_moneyline"": 194, ""last_updated"": ""2025-11-08T01:55:12Z"", ""source"": ""TheOddsAPI"", ""spread_away"": -6.0, ""spread_home"": 6.0, ""spread_price_away"": -109, ""spread_price_home"": -105, ""total"": 56.5, ""total_price_over"": -110, ""total_price_under"": -106}}","BetOnline, Bovada, DraftKings, ESPN Bet, FanDuel, Pinnacle",6,15.738693467336683,-1.92322881299331,-1.5433368488115349,,62.4,10.9,-0.31158000000000013,-1.92322881299331,1.92322881299331,away,-1.5433368488115349,1.5433368488115349,,,6
401762504,11,2025-11-08T20:00:00.000Z,East Carolina,Charlotte,False,27.438876315819293,52.79630555875551,40.1175909372874,12.67871462146811,0.9593683272627402,-2361.1342153358783,2361.1342153358783,26.731460526365492,50.993842597925855,38.86265156214567,12.131191035780184,0.9552890279825939,-2136.587474794098,2136.587474794098,28.5,55.5,DraftKings,"{""BetOnline"": {""last_updated"": ""2025-11-08T01:55:14Z"", ""source"": ""TheOddsAPI"", ""spread_away"": 28.5, ""spread_home"": -28.5, ""spread_price_away"": -107, ""spread_price_home"": -113, ""total"": 56.0, ""total_price_over"": -105, ""total_price_under"": -115}, ""Bovada"": {""away_moneyline"": null, ""home_moneyline"": null, ""last_updated"": null, ""spread_away"": 28.5, ""spread_home"": -28.5, ""total"": 55.5}, ""DraftKings"": {""away_moneyline"": 1600.0, ""home_moneyline"": -4000.0, ""last_updated"": null, ""spread_away"": 28.5, ""spread_home"": -28.5, ""total"": 55.5}, ""ESPN Bet"": {""away_moneyline"": 3000.0, ""home_moneyline"": -20000.0, ""last_updated"": null, ""spread_away"": 28.5, ""spread_home"": -28.5, ""total"": 56.5}, ""FanDuel"": {""away_moneyline"": 2400, ""home_moneyline"": -10000, ""last_updated"": ""2025-11-08T01:55:04Z"", ""source"": ""TheOddsAPI"", ""spread_away"": 28.5, ""spread_home"": -28.5, ""spread_price_away"": -105, ""spread_price_home"": -115, ""total"": 56.5, ""total_price_over"": -106, ""total_price_under"": -114}, ""Pinnacle"": {""last_updated"": ""2025-11-08T01:55:12Z"", ""source"": ""TheOddsAPI"", ""spread_away"": 28.5, ""spread_home"": -28.5, ""spread_price_away"": -108, ""spread_price_home"": -106, ""total"": 56.0, ""total_price_over"": -104, ""total_price_under"": -112}}","BetOnline, Bovada, DraftKings, ESPN Bet, FanDuel, Pinnacle",6,15.738693467336683,-1.061123684180707,-2.7036944412444868,,,,,-1.061123684180707,1.061123684180707,away,-2.7036944412444868,2.7036944412444868,,,6
401754590,11,2025-11-08T20:30:00.000Z,UConn,Duke,False,-10.178444828014339,59.7993596800692,24.810457426027433,34.98890225404177,0.2589082954070395,286.2371417755705,-286.2371417755705,-11.964074713357233,57.33226613344868,22.68409571004572,34.64817042340296,0.22357663740433842,347.2739243284618,-347.2739243284618,-7.5,63.5,DraftKings,"{""BetOnline"": {""away_moneyline"": -325, ""home_moneyline"": 263, ""last_updated"": ""2025-11-08T01:55:14Z"", ""source"": ""TheOddsAPI"", ""spread_away"": -8.5, ""spread_home"": 8.5, ""spread_price_away"": -107, ""spread_price_home"": -113, ""total"": 63.5, ""total_price_over"": -110, ""total_price_under"": -110}, ""Bovada"": {""away_moneyline"": -310.0, ""home_moneyline"": 255.0, ""last_updated"": null, ""spread_away"": -7.5, ""spread_home"": 7.5, ""total"": 63.0}, ""DraftKings"": {""away_moneyline"": -298.0, ""home_moneyline"": 240.0, ""last_updated"": null, ""spread_away"": -7.5, ""spread_home"": 7.5, ""total"": 63.5}, ""ESPN Bet"": {""away_moneyline"": -340.0, ""home_moneyline"": 270.0, ""last_updated"": null, ""spread_away"": -8.5, ""spread_home"": 8.5, ""total"": 63.5}, ""FanDuel"": {""away_moneyline"": -310, ""home_moneyline"": 250, ""last_updated"": ""2025-11-08T01:55:04Z"", ""source"": ""TheOddsAPI"", ""spread_away"": -8.5, ""spread_home"": 8.5, ""spread_price_away"": -105, ""spread_price_home"": -115, ""total"": 63.5, ""total_price_over"": -106, ""total_price_under"": -114}, ""Pinnacle"": {""away_moneyline"": -300, ""home_moneyline"": 244, ""last_updated"": ""2025-11-08T01:55:12Z"", ""source"": ""TheOddsAPI"", ""spread_away"": -8.5, ""spread_home"": 8.5, ""spread_price_away"": 100, ""spread_price_home"": -114, ""total"": 63.5, ""total_price_over"": -103, ""total_price_under"": -114}}","BetOnline, Bovada, DraftKings, ESPN Bet, FanDuel, Pinnacle",6,15.738693467336683,-2.6784448280143387,-3.7006403199307982,,,,,-2.6784448280143387,2.6784448280143387,away,-3.7006403199307982,3.7006403199307982,,,6
401752763,11,2025-11-08T20:30:00.000Z,Missouri,Texas A&M,False,-5.568743414173969,52.5793496581681,23.505303121997066,29.074046536171032,0.36173501359875426,176.44545382859334,-176.44545382859334,-4.614572356956616,55.29891609694683,25.34217186999511,29.956744226951724,0.38468494720537877,159.95298419257142,-159.9529841925714,-7.0,48.5,DraftKings,"{""BetOnline"": {""away_moneyline"": -260, ""home_moneyline"": 215, ""last_updated"": ""2025-11-08T01:55:14Z"", ""source"": ""TheOddsAPI"", ""spread_away"": -7.0, ""spread_home"": 7.0, ""spread_price_away"": -106, ""spread_price_home"": -114, ""total"": 48.5, ""total_price_over"": -110, ""total_price_under"": -110}, ""Bovada"": {""away_moneyline"": -230.0, ""home_moneyline"": 190.0, ""last_updated"": null, ""spread_away"": -7.0, ""spread_home"": 7.0, ""total"": 48.0}, ""DraftKings"": {""away_moneyline"": -285.0, ""home_moneyline"": 230.0, ""last_updated"": null, ""spread_away"": -7.0, ""spread_home"": 7.0, ""total"": 48.5}, ""ESPN Bet"": {""away_moneyline"": -270.0, ""home_moneyline"": 220.0, ""last_updated"": null, ""spread_away"": -6.5, ""spread_home"": 6.5, ""total"": 48.5}, ""FanDuel"": {""away_moneyline"": -260, ""home_moneyline"": 215, ""last_updated"": ""2025-11-08T01:55:04Z"", ""source"": ""TheOddsAPI"", ""spread_away"": -6.5, ""spread_home"": 6.5, ""spread_price_away"": -120, ""spread_price_home"": -102, ""total"": 48.5, ""total_price_over"": -110, ""total_price_under"": -110}, ""Pinnacle"": {""away_moneyline"": -263, ""home_moneyline"": 218, ""last_updated"": ""2025-11-08T01:55:12Z"", ""source"": ""TheOddsAPI"", ""spread_away"": -7.0, ""spread_home"": 7.0, ""spread_price_away"": -103, ""spread_price_home"": -111, ""total"": 48.0, ""total_price_over"": -111, ""total_price_under"": -105}}","BetOnline, Bovada, DraftKings, ESPN Bet, FanDuel, Pinnacle",6,15.738693467336683,1.4312565858260307,4.079349658168098,,66.9,13.4,-1.1770800000000001,1.4312565858260307,1.4312565858260307,home,4.079349658168098,4.079349658168098,,,6
401752898,11,2025-11-08T20:30:00.000Z,Iowa,Oregon,False,-7.481944438957461,42.78090504478828,17.649480302915407,25.13142474187287,0.31725616417475166,215.20270145142965,-215.20270145142965,-8.136574064929102,43.63484174131379,17.749133838192346,25.885707903121446,0.30258540796992683,230.4852030734368,-230.4852030734368,-6.5,41.5,DraftKings,"{""BetOnline"": {""away_moneyline"": -255, ""home_moneyline"": 211, ""last_updated"": ""2025-11-08T01:55:14Z"", ""source"": ""TheOddsAPI"", ""spread_away"": -6.5, ""spread_home"": 6.5, ""spread_price_away"": -114, ""spread_price_home"": -106, ""total"": 41.5, ""total_price_over"": -120, ""total_price_under"": 100}, ""Bovada"": {""away_moneyline"": -230.0, ""home_moneyline"": 190.0, ""last_updated"": null, ""spread_away"": -6.5, ""spread_home"": 6.5, ""total"": 41.5}, ""DraftKings"": {""away_moneyline"": -250.0, ""home_moneyline"": 205.0, ""last_updated"": null, ""spread_away"": -6.5, ""spread_home"": 6.5, ""total"": 41.5}, ""ESPN Bet"": {""away_moneyline"": -240.0, ""home_moneyline"": 200.0, ""last_updated"": null, ""spread_away"": -6.5, ""spread_home"": 6.5, ""total"": 42.5}, ""FanDuel"": {""away_moneyline"": -240, ""home_moneyline"": 198, ""last_updated"": ""2025-11-08T01:55:04Z"", ""source"": ""TheOddsAPI"", ""spread_away"": -6.5, ""spread_home"": 6.5, ""spread_price_away"": -110, ""spread_price_home"": -110, ""total"": 42.5, ""total_price_over"": -110, ""total_price_under"": -110}, ""Pinnacle"": {""away_moneyline"": -252, ""home_moneyline"": 210, ""last_updated"": ""2025-11-08T01:55:12Z"", ""source"": ""TheOddsAPI"", ""spread_away"": -6.5, ""spread_home"": 6.5, ""spread_price_away"": -114, ""spread_price_home"": 100, ""total"": 41.5, ""total_price_over"": -111, ""total_price_under"": -105}}","BetOnline, Bovada, DraftKings, ESPN Bet, FanDuel, Pinnacle",6,15.738693467336683,-0.981944438957461,1.2809050447882768,,57.7,17.9,-2.7349799999999997,-0.981944438957461,0.981944438957461,away,1.2809050447882768,1.2809050447882768,,,6
401756943,11,2025-11-08T20:30:00.000Z,Arizona,Kansas,False,4.937844918040229,59.025728423544585,31.981786670792406,27.04394175275218,0.6231404328779162,-165.35083284114944,165.35083284114944,4.563074863400381,60.04288070590765,32.30297778465402,27.73990292125363,0.614064022536661,-159.11033394003607,159.11033394003607,5.5,57.5,DraftKings,"{""BetOnline"": {""away_moneyline"": 170, ""home_moneyline"": -195, ""last_updated"": ""2025-11-08T01:55:14Z"", ""source"": ""TheOddsAPI"", ""spread_away"": 4.5, ""spread_home"": -4.5, ""spread_price_away"": -106, ""spread_price_home"": -114, ""total"": 57.5, ""total_price_over"": -110, ""total_price_under"": -110}, ""Bovada"": {""away_moneyline"": 180.0, ""home_moneyline"": -220.0, ""last_updated"": null, ""spread_away"": 5.0, ""spread_home"": -5.0, ""total"": 57.0}, ""DraftKings"": {""away_moneyline"": 170.0, ""home_moneyline"": -205.0, ""last_updated"": null, ""spread_away"": 5.5, ""spread_home"": -5.5, ""total"": 57.5}, ""ESPN Bet"": {""away_moneyline"": 175.0, ""home_moneyline"": -210.0, ""last_updated"": null, ""spread_away"": 5.5, ""spread_home"": -5.5, ""total"": 57.5}, ""FanDuel"": {""away_moneyline"": 166, ""home_moneyline"": -198, ""last_updated"": ""2025-11-08T01:55:04Z"", ""source"": ""TheOddsAPI"", ""spread_away"": 5.5, ""spread_home"": -5.5, ""spread_price_away"": -110, ""spread_price_home"": -110, ""total"": 57.5, ""total_price_over"": -115, ""total_price_under"": -105}, ""Pinnacle"": {""away_moneyline"": 167, ""home_moneyline"": -196, ""last_updated"": ""2025-11-08T01:55:12Z"", ""source"": ""TheOddsAPI"", ""spread_away"": 4.5, ""spread_home"": -4.5, ""spread_price_away"": -103, ""spread_price_home"": -111, ""total"": 57.0, ""total_price_over"": -110, ""total_price_under"": -106}}","BetOnline, Bovada, DraftKings, ESPN Bet, FanDuel, Pinnacle",6,15.738693467336683,-0.5621550819597712,1.5257284235445852,,,,,-0.5621550819597712,0.5621550819597712,away,1.5257284235445852,1.5257284235445852,,,6
401756944,11,2025-11-08T20:30:00.000Z,TCU,Iowa State,False,4.322706566018863,54.93258539813214,29.627645982075503,25.304939416056637,0.6082092419616846,-155.23828203783316,155.23828203783316,2.2045109433647716,53.22097566355357,27.71274330345917,25.508232360094397,0.5556974612387224,-125.07186269698472,125.07186269698472,7.5,57.5,DraftKings,"{""BetOnline"": {""away_moneyline"": 245, ""home_moneyline"": -300, ""last_updated"": ""2025-11-08T01:55:14Z"", ""source"": ""TheOddsAPI"", ""spread_away"": 7.5, ""spread_home"": -7.5, ""spread_price_away"": -109, ""spread_price_home"": -111, ""total"": 56.5, ""total_price_over"": -115, ""total_price_under"": -105}, ""Bovada"": {""away_moneyline"": 190.0, ""home_moneyline"": -230.0, ""last_updated"": null, ""spread_away"": 7.5, ""spread_home"": -7.5, ""total"": 57.5}, ""DraftKings"": {""away_moneyline"": 225.0, ""home_moneyline"": -278.0, ""last_updated"": null, ""spread_away"": 7.5, ""spread_home"": -7.5, ""total"": 57.5}, ""ESPN Bet"": {""away_moneyline"": 225.0, ""home_moneyline"": -275.0, ""last_updated"": null, ""spread_away"": 7.5, ""spread_home"": -7.5, ""total"": 57.5}, ""FanDuel"": {""away_moneyline"": 225, ""home_moneyline"": -275, ""last_updated"": ""2025-11-08T01:55:04Z"", ""source"": ""TheOddsAPI"", ""spread_away"": 7.5, ""spread_home"": -7.5, ""spread_price_away"": -118, ""spread_price_home"": -104, ""total"": 57.5, ""total_price_over"": -110, ""total_price_under"": -110}, ""Pinnacle"": {""away_moneyline"": 237, ""home_moneyline"": -290, ""last_updated"": ""2025-11-08T01:55:12Z"", ""source"": ""TheOddsAPI"", ""spread_away"": 7.5, ""spread_home"": -7.5, ""spread_price_away"": -113, ""spread_price_home"": -101, ""total"": 57.0, ""total_price_over"": -116, ""total_price_under"": -101}}","BetOnline, Bovada, DraftKings, ESPN Bet, FanDuel, Pinnacle",6,15.738693467336683,-3.177293433981137,-2.56741460186786,,,,,-3.177293433981137,3.177293433981137,away,-2.56741460186786,2.56741460186786,,,6
401754587,11,2025-11-08T20:30:00.000Z,Miami,Syracuse,False,25.2812425109144,47.578597189458975,36.429919850186685,11.14867733927229,0.9458972450138292,-1748.3347109691736,1748.3347109691736,23.135404184857332,48.29766198243163,35.71653308364448,12.58112889878715,0.9292150341216837,-1312.7293664576482,1312.7293664576482,28.5,46.5,DraftKings,"{""BetOnline"": {""last_updated"": ""2025-11-08T01:55:14Z"", ""source"": ""TheOddsAPI"", ""spread_away"": 28.5, ""spread_home"": -28.5, ""spread_price_away"": -113, ""spread_price_home"": -107, ""total"": 46.0, ""total_price_over"": -110, ""total_price_under"": -110}, ""Bovada"": {""away_moneyline"": null, ""home_moneyline"": null, ""last_updated"": null, ""spread_away"": 28.5, ""spread_home"": -28.5, ""total"": 46.0}, ""DraftKings"": {""away_moneyline"": 1800.0, ""home_moneyline"": -5000.0, ""last_updated"": null, ""spread_away"": 28.5, ""spread_home"": -28.5, ""total"": 46.5}, ""ESPN Bet"": {""away_moneyline"": 2500.0, ""home_moneyline"": -10000.0, ""last_updated"": null, ""spread_away"": 28.5, ""spread_home"": -28.5, ""total"": 46.5}, ""FanDuel"": {""away_moneyline"": 2800, ""home_moneyline"": -10000, ""last_updated"": ""2025-11-08T01:55:04Z"", ""source"": ""TheOddsAPI"", ""spread_away"": 28.5, ""spread_home"": -28.5, ""spread_price_away"": -110, ""spread_price_home"": -110, ""total"": 46.5, ""total_price_over"": -110, ""total_price_under"": -110}, ""Pinnacle"": {""last_updated"": ""2025-11-08T01:55:12Z"", ""source"": ""TheOddsAPI"", ""spread_away"": 28.5, ""spread_home"": -28.5, ""spread_price_away"": -108, ""spread_price_home"": -106, ""total"": 45.5, ""total_price_over"": -118, ""total_price_under"": 101}}","BetOnline, Bovada, DraftKings, ESPN Bet, FanDuel, Pinnacle",6,15.738693467336683,-3.2187574890856006,1.078597189458975,cloudy,81.7,8.1,-0.3545600000000003,-3.2187574890856006,3.2187574890856006,away,1.078597189458975,1.078597189458975,,,6
401757298,11,2025-11-08T21:00:00.000Z,New Mexico State,Kennesaw State,False,-8.630167469112875,48.04218451823118,19.706008524559152,28.33617599367203,0.29172896517254887,242.78392596653205,-242.78392596653205,-8.050279115188124,45.07030753038531,18.51001420759859,26.560293322786716,0.3045018862633065,228.4051906119517,-228.40519061195175,-9.5,52.5,DraftKings,"{""BetOnline"": {""away_moneyline"": -350, ""home_moneyline"": 280, ""last_updated"": ""2025-11-08T01:55:14Z"", ""source"": ""TheOddsAPI"", ""spread_away"": -9.5, ""spread_home"": 9.5, ""spread_price_away"": -115, ""spread_price_home"": -105, ""total"": 52.0, ""total_price_over"": -104, ""total_price_under"": -116}, ""Bovada"": {""away_moneyline"": -270.0, ""home_moneyline"": 220.0, ""last_updated"": null, ""spread_away"": -9.5, ""spread_home"": 9.5, ""total"": 52.0}, ""DraftKings"": {""away_moneyline"": -340.0, ""home_moneyline"": 270.0, ""last_updated"": null, ""spread_away"": -9.5, ""spread_home"": 9.5, ""total"": 52.5}, ""ESPN Bet"": {""away_moneyline"": -380.0, ""home_moneyline"": 290.0, ""last_updated"": null, ""spread_away"": -9.5, ""spread_home"": 9.5, ""total"": 52.5}, ""FanDuel"": {""away_moneyline"": -360, ""home_moneyline"": 290, ""last_updated"": ""2025-11-08T01:55:04Z"", ""source"": ""TheOddsAPI"", ""spread_away"": -9.5, ""spread_home"": 9.5, ""spread_price_away"": -115, ""spread_price_home"": -105, ""total"": 52.5, ""total_price_over"": -105, ""total_price_under"": -115}, ""Pinnacle"": {""away_moneyline"": -347, ""home_moneyline"": 277, ""last_updated"": ""2025-11-08T01:55:12Z"", ""source"": ""TheOddsAPI"", ""spread_away"": -9.5, ""spread_home"": 9.5, ""spread_price_away"": -113, ""spread_price_home"": -101, ""total"": 52.5, ""total_price_over"": -103, ""total_price_under"": -113}}","BetOnline, Bovada, DraftKings, ESPN Bet, FanDuel, Pinnacle",6,15.738693467336683,0.8698325308871251,-4.457815481768819,,,,,0.8698325308871251,0.8698325308871251,home,-4.457815481768819,4.457815481768819,,,6
401752764,11,2025-11-08T21:00:00.000Z,Vanderbilt,Auburn,False,4.6970947213746115,46.78938732114118,25.743241021257894,21.046146299883283,0.6173172647449814,-161.31306899267432,161.31306899267432,3.8284912022910187,47.648978868568626,25.738735035429823,21.910243833138804,0.5960954615883126,-147.58325418486163,147.58325418486163,6.0,45.5,DraftKings,"{""BetOnline"": {""away_moneyline"": 192, ""home_moneyline"": -230, ""last_updated"": ""2025-11-08T01:55:14Z"", ""source"": ""TheOddsAPI"", ""spread_away"": 6.5, ""spread_home"": -6.5, ""spread_price_away"": -118, ""spread_price_home"": -102, ""total"": 45.0, ""total_price_over"": -115, ""total_price_under"": -105}, ""Bovada"": {""away_moneyline"": 225.0, ""home_moneyline"": -275.0, ""last_updated"": null, ""spread_away"": 6.0, ""spread_home"": -6.0, ""total"": 45.0}, ""DraftKings"": {""away_moneyline"": 185.0, ""home_moneyline"": -225.0, ""last_updated"": null, ""spread_away"": 6.0, ""spread_home"": -6.0, ""total"": 45.5}, ""ESPN Bet"": {""away_moneyline"": 200.0, ""home_moneyline"": -240.0, ""last_updated"": null, ""spread_away"": 6.5, ""spread_home"": -6.5, ""total"": 45.5}, ""FanDuel"": {""away_moneyline"": 200, ""home_moneyline"": -245, ""last_updated"": ""2025-11-08T01:55:04Z"", ""source"": ""TheOddsAPI"", ""spread_away"": 6.5, ""spread_home"": -6.5, ""spread_price_away"": -110, ""spread_price_home"": -110, ""total"": 45.5, ""total_price_over"": -110, ""total_price_under"": -110}, ""Pinnacle"": {""away_moneyline"": 187, ""home_moneyline"": -222, ""last_updated"": ""2025-11-08T01:55:12Z"", ""source"": ""TheOddsAPI"", ""spread_away"": 6.5, ""spread_home"": -6.5, ""spread_price_away"": -114, ""spread_price_home"": 100, ""total"": 45.0, ""total_price_over"": -110, ""total_price_under"": -106}}","BetOnline, Bovada, DraftKings, ESPN Bet, FanDuel, Pinnacle",6,15.738693467336683,-1.3029052786253885,1.2893873211411773,,,,,-1.3029052786253885,1.3029052786253885,away,1.2893873211411773,1.2893873211411773,,,6
401761645,11,2025-11-08T21:00:00.000Z,Coastal Carolina,Georgia State,False,10.839059639396112,56.274106091141505,33.55658286526881,22.717523225872696,0.7544903915416026,-307.31603389341643,307.31603389341643,13.065099398993521,55.456843485235844,34.26097144211468,21.195872043121163,0.7967662392072618,-392.0442332510982,392.0442332510982,7.5,57.5,DraftKings,"{""BetOnline"": {""away_moneyline"": 245, ""home_moneyline"": -300, ""last_updated"": ""2025-11-08T01:55:14Z"", ""source"": ""TheOddsAPI"", ""spread_away"": 7.5, ""spread_home"": -7.5, ""spread_price_away"": -115, ""spread_price_home"": -105, ""total"": 57.5, ""total_price_over"": -105, ""total_price_under"": -115}, ""Bovada"": {""away_moneyline"": 240.0, ""home_moneyline"": -290.0, ""last_updated"": null, ""spread_away"": 7.5, ""spread_home"": -7.5, ""total"": 57.0}, ""DraftKings"": {""away_moneyline"": 240.0, ""home_moneyline"": -298.0, ""last_updated"": null, ""spread_away"": 7.5, ""spread_home"": -7.5, ""total"": 57.5}, ""ESPN Bet"": {""away_moneyline"": 240.0, ""home_moneyline"": -290.0, ""last_updated"": null, ""spread_away"": 7.5, ""spread_home"": -7.5, ""total"": 56.5}, ""FanDuel"": {""away_moneyline"": 225, ""home_moneyline"": -275, ""last_updated"": ""2025-11-08T01:55:04Z"", ""source"": ""TheOddsAPI"", ""spread_away"": 7.5, ""spread_home"": -7.5, ""spread_price_away"": -120, ""spread_price_home"": -102, ""total"": 57.5, ""total_price_over"": -105, ""total_price_under"": -115}, ""Pinnacle"": {""away_moneyline"": 237, ""home_moneyline"": -290, ""last_updated"": ""2025-11-08T01:55:12Z"", ""source"": ""TheOddsAPI"", ""spread_away"": 7.5, ""spread_home"": -7.5, ""spread_price_away"": -110, ""spread_price_home"": -104, ""total"": 57.5, ""total_price_over"": -104, ""total_price_under"": -112}}","BetOnline, Bovada, DraftKings, ESPN Bet, FanDuel, Pinnacle",6,15.738693467336683,3.339059639396112,-1.2258939088584953,,,,,3.339059639396112,3.339059639396112,home,-1.2258939088584953,1.2258939088584953,,,6
401754588,11,2025-11-08T21:30:00.000Z,North Carolina,Stanford,False,6.177848949000411,44.54295370152633,25.36040132526337,19.182552376262958,0.6526652578074039,-187.9067016697981,187.9067016697981,5.2964149150006845,45.90492283587721,25.600668875438945,20.304253960438263,0.6317613273804842,-171.56300365911167,171.56300365911167,7.5,42.5,DraftKings,"{""BetOnline"": {""away_moneyline"": 245, ""home_moneyline"": -300, ""last_updated"": ""2025-11-08T01:55:14Z"", ""source"": ""TheOddsAPI"", ""spread_away"": 7.5, ""spread_home"": -7.5, ""spread_price_away"": -108, ""spread_price_home"": -112, ""total"": 42.5, ""total_price_over"": -110, ""total_price_under"": -110}, ""Bovada"": {""away_moneyline"": 260.0, ""home_moneyline"": -320.0, ""last_updated"": null, ""spread_away"": 7.5, ""spread_home"": -7.5, ""total"": 42.5}, ""DraftKings"": {""away_moneyline"": 250.0, ""home_moneyline"": -310.0, ""last_updated"": null, ""spread_away"": 7.5, ""spread_home"": -7.5, ""total"": 42.5}, ""ESPN Bet"": {""away_moneyline"": 240.0, ""home_moneyline"": -290.0, ""last_updated"": null, ""spread_away"": 7.5, ""spread_home"": -7.5, ""total"": 42.5}, ""FanDuel"": {""away_moneyline"": 240, ""home_moneyline"": -295, ""last_updated"": ""2025-11-08T01:55:04Z"", ""source"": ""TheOddsAPI"", ""spread_away"": 7.5, ""spread_home"": -7.5, ""spread_price_away"": -110, ""spread_price_home"": -110, ""total"": 42.5, ""total_price_over"": -110, ""total_price_under"": -110}, ""Pinnacle"": {""away_moneyline"": 249, ""home_moneyline"": -307, ""last_updated"": ""2025-11-08T01:55:12Z"", ""source"": ""TheOddsAPI"", ""spread_away"": 7.5, ""spread_home"": -7.5, ""spread_price_away"": -106, ""spread_price_home"": -108, ""total"": 42.0, ""total_price_over"": -115, ""total_price_under"": -101}}","BetOnline, Bovada, DraftKings, ESPN Bet, FanDuel, Pinnacle",6,15.738693467336683,-1.3221510509995893,2.0429537015263293,,,,,-1.3221510509995893,1.3221510509995893,away,2.0429537015263293,2.0429537015263293,,,6
401752899,11,2025-11-08T21:30:00.000Z,Wisconsin,Washington,False,-9.541857229861245,41.88541265157865,16.171777710858702,25.713634940719945,0.2721685915941691,267.4193242294104,-267.41932422941034,-8.903095383102075,40.14235441929775,15.619629518097838,24.522724901199915,0.28580499145206795,249.88892073555996,-249.88892073555996,-10.5,44.5,DraftKings,"{""BetOnline"": {""away_moneyline"": -410, ""home_moneyline"": 324, ""last_updated"": ""2025-11-08T01:55:14Z"", ""source"": ""TheOddsAPI"", ""spread_away"": -11.0, ""spread_home"": 11.0, ""spread_price_away"": -108, ""spread_price_home"": -112, ""total"": 44.0, ""total_price_over"": -120, ""total_price_under"": 100}, ""Bovada"": {""away_moneyline"": -420.0, ""home_moneyline"": 315.0, ""last_updated"": null, ""spread_away"": -10.5, ""spread_home"": 10.5, ""total"": 44.5}, ""DraftKings"": {""away_moneyline"": -425.0, ""home_moneyline"": 330.0, ""last_updated"": null, ""spread_away"": -10.5, ""spread_home"": 10.5, ""total"": 44.5}, ""ESPN Bet"": {""away_moneyline"": -450.0, ""home_moneyline"": 340.0, ""last_updated"": null, ""spread_away"": -10.5, ""spread_home"": 10.5, ""total"": 44.5}, ""FanDuel"": {""away_moneyline"": -450, ""home_moneyline"": 350, ""last_updated"": ""2025-11-08T01:55:04Z"", ""source"": ""TheOddsAPI"", ""spread_away"": -10.5, ""spread_home"": 10.5, ""spread_price_away"": -115, ""spread_price_home"": -105, ""total"": 44.5, ""total_price_over"": -110, ""total_price_under"": -110}, ""Pinnacle"": {""away_moneyline"": -403, ""home_moneyline"": 314, ""last_updated"": ""2025-11-08T01:55:12Z"", ""source"": ""TheOddsAPI"", ""spread_away"": -11.0, ""spread_home"": 11.0, ""spread_price_away"": -102, ""spread_price_home"": -112, ""total"": 44.0, ""total_price_over"": -118, ""total_price_under"": 101}}","BetOnline, Bovada, DraftKings, ESPN Bet, FanDuel, Pinnacle",6,15.738693467336683,0.958142770138755,-2.6145873484213524,,40.8,6.3,-4.618320000000001,0.958142770138755,0.958142770138755,home,-2.6145873484213524,2.6145873484213524,,,6
401761648,11,2025-11-08T22:00:00.000Z,Louisiana,Texas State,False,0.5045755261285638,62.12673815406178,31.315656840095173,30.81108131396661,0.5127877218119533,-105.24934300075981,105.24934300075981,2.8409592102142733,61.211230256769646,32.02609473349196,29.185135523277687,0.5716230910682225,-133.43928656043832,133.43928656043832,-3.0,63.5,DraftKings,"{""BetOnline"": {""away_moneyline"": -145, ""home_moneyline"": 125, ""last_updated"": ""2025-11-08T01:55:14Z"", ""source"": ""TheOddsAPI"", ""spread_away"": -3.0, ""spread_home"": 3.0, ""spread_price_away"": -118, ""spread_price_home"": -102, ""total"": 63.0, ""total_price_over"": -107, ""total_price_under"": -113}, ""Bovada"": {""away_moneyline"": -130.0, ""home_moneyline"": 110.0, ""last_updated"": null, ""spread_away"": -3.0, ""spread_home"": 3.0, ""total"": 63.5}, ""DraftKings"": {""away_moneyline"": -155.0, ""home_moneyline"": 130.0, ""last_updated"": null, ""spread_away"": -3.0, ""spread_home"": 3.0, ""total"": 63.5}, ""ESPN Bet"": {""away_moneyline"": -150.0, ""home_moneyline"": 130.0, ""last_updated"": null, ""spread_away"": -3.5, ""spread_home"": 3.5, ""total"": 63.5}, ""FanDuel"": {""away_moneyline"": -154, ""home_moneyline"": 130, ""last_updated"": ""2025-11-08T01:55:04Z"", ""source"": ""TheOddsAPI"", ""spread_away"": -3.5, ""spread_home"": 3.5, ""spread_price_away"": -102, ""spread_price_home"": -120, ""total"": 63.5, ""total_price_over"": -110, ""total_price_under"": -110}, ""Pinnacle"": {""away_moneyline"": -158, ""home_moneyline"": 137, ""last_updated"": ""2025-11-08T01:55:12Z"", ""source"": ""TheOddsAPI"", ""spread_away"": -3.0, ""spread_home"": 3.0, ""spread_price_away"": -114, ""spread_price_home"": -101, ""total"": 63.0, ""total_price_over"": -111, ""total_price_under"": -105}}","BetOnline, Bovada, DraftKings, ESPN Bet, FanDuel, Pinnacle",6,15.738693467336683,3.504575526128564,-1.3732618459382167,,80.4,9.2,-0.28808000000000017,3.504575526128564,3.504575526128564,home,-1.3732618459382167,1.3732618459382167,,,6
401760406,11,2025-11-08T23:00:00.000Z,San Jos State,Air Force,False,2.7762192920138684,61.07943690315665,31.92782809758526,29.15160880557139,0.5700079955237277,-132.56246385743708,132.56246385743708,0.9603654866897802,57.46572817192774,29.213046829308762,28.25268134261898,0.5243281168806592,-110.22894888010671,110.22894888010671,5.5,66.5,DraftKings,"{""BetOnline"": {""away_moneyline"": 183, ""home_moneyline"": -215, ""last_updated"": ""2025-11-08T01:55:14Z"", ""source"": ""TheOddsAPI"", ""spread_away"": 5.5, ""spread_home"": -5.5, ""spread_price_away"": -107, ""spread_price_home"": -113, ""total"": 66.0, ""total_price_over"": -115, ""total_price_under"": -105}, ""Bovada"": {""away_moneyline"": 170.0, ""home_moneyline"": -200.0, ""last_updated"": null, ""spread_away"": 5.0, ""spread_home"": -5.0, ""total"": 66.0}, ""DraftKings"": {""away_moneyline"": 180.0, ""home_moneyline"": -218.0, ""last_updated"": null, ""spread_away"": 5.5, ""spread_home"": -5.5, ""total"": 66.5}, ""ESPN Bet"": {""away_moneyline"": 175.0, ""home_moneyline"": -210.0, ""last_updated"": null, ""spread_away"": 5.5, ""spread_home"": -5.5, ""total"": 66.5}, ""FanDuel"": {""away_moneyline"": 172, ""home_moneyline"": -205, ""last_updated"": ""2025-11-08T01:55:04Z"", ""source"": ""TheOddsAPI"", ""spread_away"": 5.5, ""spread_home"": -5.5, ""spread_price_away"": -110, ""spread_price_home"": -110, ""total"": 66.5, ""total_price_over"": -110, ""total_price_under"": -110}, ""Pinnacle"": {""away_moneyline"": 183, ""home_moneyline"": -217, ""last_updated"": ""2025-11-08T01:55:12Z"", ""source"": ""TheOddsAPI"", ""spread_away"": 4.5, ""spread_home"": -4.5, ""spread_price_away"": 101, ""spread_price_home"": -115, ""total"": 66.5, ""total_price_over"": -104, ""total_price_under"": -112}}","BetOnline, Bovada, DraftKings, ESPN Bet, FanDuel, Pinnacle",6,15.738693467336683,-2.7237807079861316,-5.4205630968433525,,,,,-2.7237807079861316,2.7237807079861316,away,-5.4205630968433525,5.4205630968433525,,,6
401754585,11,2025-11-09T00:00:00.000Z,Louisville,California,False,19.874702955549527,54.2844901255781,37.07959654056381,17.20489358501429,0.8966681068833466,-867.7554236532575,867.7554236532575,20.791171592582543,57.474150209296845,39.1326609009397,18.341489308357147,0.9067531049932158,-972.421767960472,972.421767960472,18.5,49.5,DraftKings,"{""BetOnline"": {""away_moneyline"": 709, ""home_moneyline"": -1100, ""last_updated"": ""2025-11-08T01:55:14Z"", ""source"": ""TheOddsAPI"", ""spread_away"": 18.5, ""spread_home"": -18.5, ""spread_price_away"": -113, ""spread_price_home"": -107, ""total"": 49.5, ""total_price_over"": -110, ""total_price_under"": -110}, ""Bovada"": {""away_moneyline"": 700.0, ""home_moneyline"": -1200.0, ""last_updated"": null, ""spread_away"": 18.0, ""spread_home"": -18.0, ""total"": 49.5}, ""DraftKings"": {""away_moneyline"": 700.0, ""home_moneyline"": -1100.0, ""last_updated"": null, ""spread_away"": 18.5, ""spread_home"": -18.5, ""total"": 49.5}, ""ESPN Bet"": {""away_moneyline"": 600.0, ""home_moneyline"": -1000.0, ""last_updated"": null, ""spread_away"": 18.5, ""spread_home"": -18.5, ""total"": 49.5}, ""FanDuel"": {""away_moneyline"": 700, ""home_moneyline"": -1100, ""last_updated"": ""2025-11-08T01:55:04Z"", ""source"": ""TheOddsAPI"", ""spread_away"": 18.5, ""spread_home"": -18.5, ""spread_price_away"": -110, ""spread_price_home"": -110, ""total"": 49.5, ""total_price_over"": -110, ""total_price_under"": -110}, ""Pinnacle"": {""away_moneyline"": 660, ""home_moneyline"": -1045, ""last_updated"": ""2025-11-08T01:55:12Z"", ""source"": ""TheOddsAPI"", ""spread_away"": 18.5, ""spread_home"": -18.5, ""spread_price_away"": -112, ""spread_price_home"": -102, ""total"": 49.5, ""total_price_over"": -105, ""total_price_under"": -111}}","BetOnline, Bovada, DraftKings, ESPN Bet, FanDuel, Pinnacle",6,15.738693467336683,1.3747029555495267,4.7844901255781025,,,,,1.3747029555495267,1.3747029555495267,home,4.7844901255781025,4.7844901255781025,,,6
401754586,11,2025-11-09T00:00:00.000Z,Clemson,Florida State,False,1.6362871931959546,52.3821331841598,27.009210188677876,25.37292299548192,0.5414017891308293,-118.05580054591204,118.05580054591204,1.7271453219932575,49.636888640266335,25.682016981129795,23.95487165913654,0.5436917355417037,-119.15009608409002,119.15009608409002,1.5,56.5,DraftKings,"{""BetOnline"": {""away_moneyline"": -102, ""home_moneyline"": -118, ""last_updated"": ""2025-11-08T01:55:14Z"", ""source"": ""TheOddsAPI"", ""spread_away"": 1.0, ""spread_home"": -1.0, ""spread_price_away"": -107, ""spread_price_home"": -113, ""total"": 56.5, ""total_price_over"": -110, ""total_price_under"": -110}, ""Bovada"": {""away_moneyline"": 115.0, ""home_moneyline"": -135.0, ""last_updated"": null, ""spread_away"": 2.0, ""spread_home"": -2.0, ""total"": 56.5}, ""DraftKings"": {""away_moneyline"": 100.0, ""home_moneyline"": -120.0, ""last_updated"": null, ""spread_away"": 1.5, ""spread_home"": -1.5, ""total"": 56.5}, ""ESPN Bet"": {""away_moneyline"": -105.0, ""home_moneyline"": -120.0, ""last_updated"": null, ""spread_away"": 1.5, ""spread_home"": -1.5, ""total"": 56.5}, ""FanDuel"": {""away_moneyline"": 100, ""home_moneyline"": -118, ""last_updated"": ""2025-11-08T01:55:05Z"", ""source"": ""TheOddsAPI"", ""spread_away"": 1.5, ""spread_home"": -1.5, ""spread_price_away"": -110, ""spread_price_home"": -110, ""total"": 56.5, ""total_price_over"": -110, ""total_price_under"": -110}, ""Pinnacle"": {""away_moneyline"": 107, ""home_moneyline"": -122, ""last_updated"": ""2025-11-08T01:55:12Z"", ""source"": ""TheOddsAPI"", ""spread_away"": 1.5, ""spread_home"": -1.5, ""spread_price_away"": -104, ""spread_price_home"": -110, ""total"": 56.0, ""total_price_over"": -116, ""total_price_under"": 100}}","BetOnline, Bovada, DraftKings, ESPN Bet, FanDuel, Pinnacle",6,15.738693467336683,0.13628719319595461,-4.117866815840202,,63.7,4.9,-1.96,0.13628719319595461,0.13628719319595461,home,-4.117866815840202,4.117866815840202,,,6
401754589,11,2025-11-09T00:00:00.000Z,Virginia,Wake Forest,False,7.543865725377323,49.42047240981982,28.482169067598573,20.93830334222125,0.6841443928383131,-216.60036337050008,216.60036337050008,7.906442875628872,50.03412068303304,28.970281779330953,21.063838903702084,0.6922917906296228,-224.9832047205267,224.9832047205267,7.0,48.5,DraftKings,"{""BetOnline"": {""away_moneyline"": 205, ""home_moneyline"": -248, ""last_updated"": ""2025-11-08T01:55:14Z"", ""source"": ""TheOddsAPI"", ""spread_away"": 6.5, ""spread_home"": -6.5, ""spread_price_away"": -102, ""spread_price_home"": -118, ""total"": 48.0, ""total_price_over"": -110, ""total_price_under"": -110}, ""Bovada"": {""away_moneyline"": 190.0, ""home_moneyline"": -230.0, ""last_updated"": null, ""spread_away"": 6.5, ""spread_home"": -6.5, ""total"": 48.0}, ""DraftKings"": {""away_moneyline"": 215.0, ""home_moneyline"": -265.0, ""last_updated"": null, ""spread_away"": 7.0, ""spread_home"": -7.0, ""total"": 48.5}, ""ESPN Bet"": {""away_moneyline"": 200.0, ""home_moneyline"": -240.0, ""last_updated"": null, ""spread_away"": 6.5, ""spread_home"": -6.5, ""total"": 47.5}, ""FanDuel"": {""away_moneyline"": 205, ""home_moneyline"": -250, ""last_updated"": ""2025-11-08T01:55:04Z"", ""source"": ""TheOddsAPI"", ""spread_away"": 6.5, ""spread_home"": -6.5, ""spread_price_away"": -104, ""spread_price_home"": -118, ""total"": 47.5, ""total_price_over"": -115, ""total_price_under"": -105}, ""Pinnacle"": {""away_moneyline"": 204, ""home_moneyline"": -244, ""last_updated"": ""2025-11-08T01:55:12Z"", ""source"": ""TheOddsAPI"", ""spread_away"": 6.5, ""spread_home"": -6.5, ""spread_price_away"": -101, ""spread_price_home"": -113, ""total"": 48.5, ""total_price_over"": 101, ""total_price_under"": -118}}","BetOnline, Bovada, DraftKings, ESPN Bet, FanDuel, Pinnacle",6,15.738693467336683,0.5438657253773229,0.9204724098198227,,,,,0.5438657253773229,0.5438657253773229,home,0.9204724098198227,0.9204724098198227,,,6
401760409,11,2025-11-09T00:30:00.000Z,Utah State,Nevada,False,10.207612204873724,53.32658211468307,31.767097159778398,21.559484954904672,0.7416911624241179,-287.13348307575234,287.13348307575234,10.67935367478954,53.21097019113845,31.945161932963995,21.265808258174456,0.7512857295231576,-302.06780177219844,302.06780177219844,9.5,53.5,DraftKings,"{""BetOnline"": {""away_moneyline"": 280, ""home_moneyline"": -350, ""last_updated"": ""2025-11-08T01:55:14Z"", ""source"": ""TheOddsAPI"", ""spread_away"": 9.5, ""spread_home"": -9.5, ""spread_price_away"": -110, ""spread_price_home"": -110, ""total"": 53.0, ""total_price_over"": -108, ""total_price_under"": -112}, ""Bovada"": {""away_moneyline"": 290.0, ""home_moneyline"": -380.0, ""last_updated"": null, ""spread_away"": 9.5, ""spread_home"": -9.5, ""total"": 53.0}, ""DraftKings"": {""away_moneyline"": 280.0, ""home_moneyline"": -355.0, ""last_updated"": null, ""spread_away"": 9.5, ""spread_home"": -9.5, ""total"": 53.5}, ""ESPN Bet"": {""away_moneyline"": 270.0, ""home_moneyline"": -340.0, ""last_updated"": null, ""spread_away"": 9.5, ""spread_home"": -9.5, ""total"": 53.5}, ""FanDuel"": {""away_moneyline"": 275, ""home_moneyline"": -340, ""last_updated"": ""2025-11-08T01:55:04Z"", ""source"": ""TheOddsAPI"", ""spread_away"": 9.5, ""spread_home"": -9.5, ""spread_price_away"": -110, ""spread_price_home"": -110, ""total"": 53.5, ""total_price_over"": -115, ""total_price_under"": -105}, ""Pinnacle"": {""away_moneyline"": 288, ""home_moneyline"": -363, ""last_updated"": ""2025-11-08T01:55:12Z"", ""source"": ""TheOddsAPI"", ""spread_away"": 10.0, ""spread_home"": -10.0, ""spread_price_away"": -113, ""spread_price_home"": -101, ""total"": 53.0, ""total_price_over"": -107, ""total_price_under"": -109}}","BetOnline, Bovada, DraftKings, ESPN Bet, FanDuel, Pinnacle",6,15.738693467336683,0.7076122048737243,-0.1734178853169297,,43.9,1.1,-0.3330600000000001,0.7076122048737243,0.7076122048737243,home,-0.1734178853169297,0.1734178853169297,,,6
401752759,11,2025-11-09T00:30:00.000Z,Alabama,LSU,False,9.827208696477221,47.91183419926237,28.869521447869797,19.042312751392576,0.7338168803247506,-275.6812232195741,275.6812232195741,9.37868116079537,46.85305699877062,28.115869079782996,18.737187918987622,0.724378850170408,-262.8168595255731,262.8168595255731,10.5,49.5,DraftKings,"{""BetOnline"": {""away_moneyline"": 324, ""home_moneyline"": -410, ""last_updated"": ""2025-11-08T01:55:14Z"", ""source"": ""TheOddsAPI"", ""spread_away"": 10.5, ""spread_home"": -10.5, ""spread_price_away"": -113, ""spread_price_home"": -107, ""total"": 49.5, ""total_price_over"": -105, ""total_price_under"": -115}, ""Bovada"": {""away_moneyline"": 305.0, ""home_moneyline"": -410.0, ""last_updated"": null, ""spread_away"": 10.5, ""spread_home"": -10.5, ""total"": 49.0}, ""DraftKings"": {""away_moneyline"": 330.0, ""home_moneyline"": -425.0, ""last_updated"": null, ""spread_away"": 10.5, ""spread_home"": -10.5, ""total"": 49.5}, ""ESPN Bet"": {""away_moneyline"": 300.0, ""home_moneyline"": -400.0, ""last_updated"": null, ""spread_away"": 10.5, ""spread_home"": -10.5, ""total"": 49.5}, ""FanDuel"": {""away_moneyline"": 315, ""home_moneyline"": -400, ""last_updated"": ""2025-11-08T01:55:04Z"", ""source"": ""TheOddsAPI"", ""spread_away"": 10.5, ""spread_home"": -10.5, ""spread_price_away"": -110, ""spread_price_home"": -110, ""total"": 49.5, ""total_price_over"": -110, ""total_price_under"": -110}, ""Pinnacle"": {""away_moneyline"": 322, ""home_moneyline"": -416, ""last_updated"": ""2025-11-08T01:55:12Z"", ""source"": ""TheOddsAPI"", ""spread_away"": 10.5, ""spread_home"": -10.5, ""spread_price_away"": -105, ""spread_price_home"": -109, ""total"": 49.5, ""total_price_over"": -103, ""total_price_under"": -113}}","BetOnline, Bovada, DraftKings, ESPN Bet, FanDuel, Pinnacle",6,15.738693467336683,-0.6727913035227786,-1.5881658007376274,,68.7,4.2,-0.5880000000000001,-0.6727913035227786,0.6727913035227786,away,-1.5881658007376274,1.5881658007376274,,,6
401757166,11,2025-11-09T00:30:00.000Z,Notre Dame,Navy,False,26.43948786207276,54.33092412075323,40.385205991412995,13.945718129340236,0.9535119636566383,-2051.0910734408662,2051.0910734408662,25.73247977012127,53.55154020125538,39.642009985688325,13.909530215567052,0.9489735844655686,-1859.769247999055,1859.769247999055,27.5,55.5,DraftKings,"{""BetOnline"": {""away_moneyline"": 1386, ""home_moneyline"": -3650, ""last_updated"": ""2025-11-08T01:55:14Z"", ""source"": ""TheOddsAPI"", ""spread_away"": 28.0, ""spread_home"": -28.0, ""spread_price_away"": -108, ""spread_price_home"": -112, ""total"": 55.0, ""total_price_over"": -110, ""total_price_under"": -110}, ""Bovada"": {""away_moneyline"": 1100.0, ""home_moneyline"": -3500.0, ""last_updated"": null, ""spread_away"": 27.5, ""spread_home"": -27.5, ""total"": 55.5}, ""DraftKings"": {""away_moneyline"": 1600.0, ""home_moneyline"": -4000.0, ""last_updated"": null, ""spread_away"": 27.5, ""spread_home"": -27.5, ""total"": 55.5}, ""ESPN Bet"": {""away_moneyline"": 2000.0, ""home_moneyline"": -7500.0, ""last_updated"": null, ""spread_away"": 27.5, ""spread_home"": -27.5, ""total"": 55.5}, ""FanDuel"": {""away_moneyline"": 2000, ""home_moneyline"": -7000, ""last_updated"": ""2025-11-08T01:55:04Z"", ""source"": ""TheOddsAPI"", ""spread_away"": 27.5, ""spread_home"": -27.5, ""spread_price_away"": -110, ""spread_price_home"": -110, ""total"": 55.5, ""total_price_over"": -110, ""total_price_under"": -110}, ""Pinnacle"": {""away_moneyline"": 1525, ""home_moneyline"": -3625, ""last_updated"": ""2025-11-08T01:55:12Z"", ""source"": ""TheOddsAPI"", ""spread_away"": 28.0, ""spread_home"": -28.0, ""spread_price_away"": -109, ""spread_price_home"": -105, ""total"": 56.0, ""total_price_over"": -105, ""total_price_under"": -112}}","BetOnline, Bovada, DraftKings, ESPN Bet, FanDuel, Pinnacle",6,15.738693467336683,-1.0605121379272404,-1.169075879246769,,46.2,5.6,-1.38348,-1.0605121379272404,1.0605121379272404,away,-1.169075879246769,1.169075879246769,,,6
401752760,11,2025-11-09T00:30:00.000Z,Kentucky,Florida,False,-3.652459483830225,45.352617687831454,20.850079102000613,24.50253858583084,0.4082422941893668,144.95257209585958,-144.95257209585958,-3.754099139717042,45.921029479719095,21.083465170001027,24.83756430971807,0.4057362917048252,146.46550492148333,-146.4655049214833,-3.5,44.5,DraftKings,"{""BetOnline"": {""away_moneyline"": -158, ""home_moneyline"": 138, ""last_updated"": ""2025-11-08T01:55:14Z"", ""source"": ""TheOddsAPI"", ""spread_away"": -3.0, ""spread_home"": 3.0, ""spread_price_away"": -117, ""spread_price_home"": -103, ""total"": 44.5, ""total_price_over"": -113, ""total_price_under"": -107}, ""Bovada"": {""away_moneyline"": -170.0, ""home_moneyline"": 145.0, ""last_updated"": null, ""spread_away"": -3.5, ""spread_home"": 3.5, ""total"": 45.0}, ""DraftKings"": {""away_moneyline"": -170.0, ""home_moneyline"": 142.0, ""last_updated"": null, ""spread_away"": -3.5, ""spread_home"": 3.5, ""total"": 44.5}, ""ESPN Bet"": {""away_moneyline"": -150.0, ""home_moneyline"": 130.0, ""last_updated"": null, ""spread_away"": -3.5, ""spread_home"": 3.5, ""total"": 46.5}, ""FanDuel"": {""away_moneyline"": -154, ""home_moneyline"": 130, ""last_updated"": ""2025-11-08T01:55:04Z"", ""source"": ""TheOddsAPI"", ""spread_away"": -3.5, ""spread_home"": 3.5, ""spread_price_away"": 100, ""spread_price_home"": -122, ""total"": 44.5, ""total_price_over"": -112, ""total_price_under"": -108}, ""Pinnacle"": {""away_moneyline"": -166, ""home_moneyline"": 143, ""last_updated"": ""2025-11-08T01:55:12Z"", ""source"": ""TheOddsAPI"", ""spread_away"": -3.5, ""spread_home"": 3.5, ""spread_price_away"": 102, ""spread_price_home"": -117, ""total"": 45.0, ""total_price_over"": -108, ""total_price_under"": -108}}","BetOnline, Bovada, DraftKings, ESPN Bet, FanDuel, Pinnacle",6,15.738693467336683,-0.15245948383022512,0.8526176878314544,,,,,-0.15245948383022512,0.15245948383022512,away,0.8526176878314544,0.8526176878314544,,,6
401752895,11,2025-11-09T02:00:00.000Z,UCLA,Nebraska,False,-6.407211995864644,47.24482804819942,20.41880802616739,26.826020022032033,0.34196750769853723,192.4254432036724,-192.4254432036724,-9.678686659774407,49.07471341366571,19.698013376945653,29.37670003672006,0.2692901546030093,271.34666192093493,-271.34666192093493,-1.5,44.5,DraftKings,"{""BetOnline"": {""last_updated"": ""2025-11-08T01:55:14Z"", ""source"": ""TheOddsAPI"", ""spread_away"": -0.0, ""spread_home"": 0.0, ""spread_price_away"": -115, ""spread_price_home"": -105, ""total"": 45.0, ""total_price_over"": -110, ""total_price_under"": -110}, ""Bovada"": {""away_moneyline"": 130.0, ""home_moneyline"": -150.0, ""last_updated"": null, ""spread_away"": -1.0, ""spread_home"": 1.0, ""total"": 45.0}, ""DraftKings"": {""away_moneyline"": -115.0, ""home_moneyline"": -105.0, ""last_updated"": null, ""spread_away"": -1.5, ""spread_home"": 1.5, ""total"": 44.5}, ""ESPN Bet"": {""away_moneyline"": -115.0, ""home_moneyline"": -105.0, ""last_updated"": null, ""spread_away"": -1.5, ""spread_home"": 1.5, ""total"": 44.5}, ""FanDuel"": {""away_moneyline"": -108, ""home_moneyline"": -108, ""last_updated"": ""2025-11-08T01:55:04Z"", ""source"": ""TheOddsAPI"", ""spread_away"": 1.5, ""spread_home"": -1.5, ""spread_price_away"": -118, ""spread_price_home"": -104, ""total"": 44.5, ""total_price_over"": -115, ""total_price_under"": -105}, ""Pinnacle"": {""away_moneyline"": -114, ""home_moneyline"": -101, ""last_updated"": ""2025-11-08T01:55:12Z"", ""source"": ""TheOddsAPI"", ""spread_away"": -1.0, ""spread_home"": 1.0, ""spread_price_away"": -109, ""spread_price_home"": -105, ""total"": 45.0, ""total_price_over"": -106, ""total_price_under"": -110}}","BetOnline, Bovada, DraftKings, ESPN Bet, FanDuel, Pinnacle",6,15.738693467336683,-4.907211995864644,2.744828048199423,,,,,-4.907211995864644,4.907211995864644,away,2.744828048199423,2.744828048199423,,,6
401760407,11,2025-11-09T02:30:00.000Z,Colorado State,UNLV,False,-5.049617091226231,60.84201343095861,27.89619816986619,32.94581526109242,0.3741654690403096,167.2614345104807,-167.2614345104807,-5.41602848537705,60.40335571826434,27.493663616443648,32.909692101820696,0.3653773215468092,173.68967394214368,-173.68967394214366,-4.5,61.5,DraftKings,"{""BetOnline"": {""away_moneyline"": -190, ""home_moneyline"": 165, ""last_updated"": ""2025-11-08T01:55:14Z"", ""source"": ""TheOddsAPI"", ""spread_away"": -4.5, ""spread_home"": 4.5, ""spread_price_away"": -110, ""spread_price_home"": -110, ""total"": 62.0, ""total_price_over"": -110, ""total_price_under"": -110}, ""Bovada"": {""away_moneyline"": -225.0, ""home_moneyline"": 185.0, ""last_updated"": null, ""spread_away"": -4.0, ""spread_home"": 4.0, ""total"": 61.5}, ""DraftKings"": {""away_moneyline"": -192.0, ""home_moneyline"": 160.0, ""last_updated"": null, ""spread_away"": -4.5, ""spread_home"": 4.5, ""total"": 61.5}, ""ESPN Bet"": {""away_moneyline"": -195.0, ""home_moneyline"": 165.0, ""last_updated"": null, ""spread_away"": -4.5, ""spread_home"": 4.5, ""total"": 61.5}, ""FanDuel"": {""away_moneyline"": -194, ""home_moneyline"": 162, ""last_updated"": ""2025-11-08T01:55:04Z"", ""source"": ""TheOddsAPI"", ""spread_away"": -4.5, ""spread_home"": 4.5, ""spread_price_away"": -110, ""spread_price_home"": -110, ""total"": 61.5, ""total_price_over"": -110, ""total_price_under"": -110}, ""Pinnacle"": {""away_moneyline"": -181, ""home_moneyline"": 155, ""last_updated"": ""2025-11-08T01:55:12Z"", ""source"": ""TheOddsAPI"", ""spread_away"": -4.0, ""spread_home"": 4.0, ""spread_price_away"": -110, ""spread_price_home"": -105, ""total"": 61.5, ""total_price_over"": -105, ""total_price_under"": -111}}","BetOnline, Bovada, DraftKings, ESPN Bet, FanDuel, Pinnacle",6,15.738693467336683,-0.5496170912262306,-0.6579865690413911,,,,,-0.5496170912262306,0.5496170912262306,away,-0.6579865690413911,0.6579865690413911,,,6
401752944,11,2025-11-09T03:00:00.000Z,Oregon State,Sam Houston,False,18.798664772105447,52.62292436354055,35.710794567823,16.912129795717547,0.8838438185720912,-760.9098437181666,760.9098437181666,17.664441286842408,52.70487393923425,35.184657613038326,17.52021632619592,0.8691447749940184,-664.2033399539748,664.2033399539748,20.5,52.5,DraftKings,"{""BetOnline"": {""away_moneyline"": 874, ""home_moneyline"": -1500, ""last_updated"": ""2025-11-08T01:55:14Z"", ""source"": ""TheOddsAPI"", ""spread_away"": 20.5, ""spread_home"": -20.5, ""spread_price_away"": -108, ""spread_price_home"": -112, ""total"": 52.5, ""total_price_over"": -110, ""total_price_under"": -110}, ""Bovada"": {""away_moneyline"": 700.0, ""home_moneyline"": -1200.0, ""last_updated"": null, ""spread_away"": 20.5, ""spread_home"": -20.5, ""total"": 52.5}, ""DraftKings"": {""away_moneyline"": 850.0, ""home_moneyline"": -1450.0, ""last_updated"": null, ""spread_away"": 20.5, ""spread_home"": -20.5, ""total"": 52.5}, ""ESPN Bet"": {""away_moneyline"": 800.0, ""home_moneyline"": -1600.0, ""last_updated"": null, ""spread_away"": 20.5, ""spread_home"": -20.5, ""total"": 52.5}, ""FanDuel"": {""away_moneyline"": 980, ""home_moneyline"": -1800, ""last_updated"": ""2025-11-08T01:55:04Z"", ""source"": ""TheOddsAPI"", ""spread_away"": 20.5, ""spread_home"": -20.5, ""spread_price_away"": -110, ""spread_price_home"": -110, ""total"": 52.5, ""total_price_over"": -110, ""total_price_under"": -110}, ""Pinnacle"": {""away_moneyline"": 774, ""home_moneyline"": -1303, ""last_updated"": ""2025-11-08T01:55:12Z"", ""source"": ""TheOddsAPI"", ""spread_away"": 20.5, ""spread_home"": -20.5, ""spread_price_away"": -103, ""spread_price_home"": -111, ""total"": 53.0, ""total_price_over"": 100, ""total_price_under"": -117}}","BetOnline, Bovada, DraftKings, ESPN Bet, FanDuel, Pinnacle",6,15.738693467336683,-1.7013352278945533,0.12292436354054814,,45.5,2.9,-1.8137,-1.7013352278945533,1.7013352278945533,away,0.12292436354054814,0.12292436354054814,,,6
401760408,11,2025-11-09T04:00:00.000Z,Hawai'i,San Diego State,False,-5.021361965907349,48.78537777401641,21.882007904054532,26.903369869961878,0.3748459415360367,166.77626437736492,-166.77626437736492,-4.03560327651225,48.975629623360675,22.470013173424213,26.50561644993646,0.3988160325782,150.7421764203824,-150.7421764203824,-6.5,48.5,DraftKings,"{""BetOnline"": {""away_moneyline"": -260, ""home_moneyline"": 215, ""last_updated"": ""2025-11-08T01:55:14Z"", ""source"": ""TheOddsAPI"", ""spread_away"": -7.0, ""spread_home"": 7.0, ""spread_price_away"": -103, ""spread_price_home"": -117, ""total"": 48.5, ""total_price_over"": -105, ""total_price_under"": -115}, ""Bovada"": {""away_moneyline"": -210.0, ""home_moneyline"": 175.0, ""last_updated"": null, ""spread_away"": -6.5, ""spread_home"": 6.5, ""total"": 48.5}, ""DraftKings"": {""away_moneyline"": -245.0, ""home_moneyline"": 200.0, ""last_updated"": null, ""spread_away"": -6.5, ""spread_home"": 6.5, ""total"": 48.5}, ""ESPN Bet"": {""away_moneyline"": -270.0, ""home_moneyline"": 220.0, ""last_updated"": null, ""spread_away"": -6.5, ""spread_home"": 6.5, ""total"": 48.5}, ""FanDuel"": {""away_moneyline"": -260, ""home_moneyline"": 215, ""last_updated"": ""2025-11-08T01:55:04Z"", ""source"": ""TheOddsAPI"", ""spread_away"": -6.5, ""spread_home"": 6.5, ""spread_price_away"": -120, ""spread_price_home"": -102, ""total"": 48.5, ""total_price_over"": -110, ""total_price_under"": -110}, ""Pinnacle"": {""away_moneyline"": -240, ""home_moneyline"": 201, ""last_updated"": ""2025-11-08T01:55:12Z"", ""source"": ""TheOddsAPI"", ""spread_away"": -6.5, ""spread_home"": 6.5, ""spread_price_away"": -109, ""spread_price_home"": -105, ""total"": 48.5, ""total_price_over"": -109, ""total_price_under"": -107}}","BetOnline, Bovada, DraftKings, ESPN Bet, FanDuel, Pinnacle",6,15.738693467336683,1.4786380340926506,0.2853777740164105,fair,78.4,8.1,-0.0554,1.4786380340926506,1.4786380340926506,home,0.2853777740164105,0.2853777740164105,,,6
